City_citipy,Country_code_citipy,Country_Name_ISO,City_ID,City,Country,Longitude,Latitude,Temperature,Humidity,Wind,Clouds
Saint-joseph,RE,Réunion,6690296,Saint-Joseph,RE,55.62,-21.37,30.46,58,4.6,20
Kavaratti,IN,India,1267390,Kavaratti,IN,72.64,10.57,28.14,100,2.66,0
Guerrero negro,MX,Mexico,4021858,Guerrero Negro,MX,-114.04,27.97,14.41,99,2.91,92
Mikuni,JP,Japan,1857260,Mikuni,JP,136.15,36.22,6.0,94,1.5,75
Arlit,NE,Niger,2447513,Arlit,NE,7.39,18.74,7.24,82,1.31,0
Ulundi,ZA,South africa,946257,Ulundi,ZA,31.43,-28.29,21.66,84,1.56,20
Moron,MN,Mongolia,2029947,Moron,MN,110.32,47.38,-7.67,46,2.01,0
Neiafu,TO,Tonga,4032420,Neiafu,TO,-173.98,-18.65,27.0,94,4.96,75
Nushki,PK,Pakistan,1168749,Nushki,PK,66.02,29.55,14.74,88,4.96,0
Namtsy,RU,Russian federation,2019488,Namtsy,RU,129.66,62.72,-41.0,64,1.21,90
Seybaplaya,MX,Mexico,3516685,Seybaplaya,MX,-90.67,19.65,19.0,88,5.1,5
Leningradskiy,RU,Russian federation,2123814,Leningradskiy,RU,178.42,69.38,-19.87,92,11.01,24
Sangar,RU,Russian federation,2017215,Sangar,RU,127.47,63.92,-42.62,0,1.61,0
Kichera,RU,Russian federation,2022129,Kichera,RU,110.1,55.93,-12.97,85,0.91,56
Den helder,NL,Netherlands,2757220,Den Helder,NL,4.76,52.96,4.59,86,2.6,90
Raudeberg,NO,Norway,3146487,Raudeberg,NO,5.14,61.99,1.99,93,8.2,75
Galle,LK,Sri lanka,1246294,Galle,LK,80.22,6.04,29.19,93,1.51,20
Sheridan,US,United states of america,5438542,Sheridan,US,-105.03,39.65,1.35,47,1.16,1
Deputatskiy,RU,Russian federation,2028164,Deputatskiy,RU,139.9,69.3,-36.97,59,1.21,56
Marica,BR,Brazil,3457708,Marica,BR,-42.82,-22.92,24.49,78,1.5,0
Channel-port aux basques,CA,Canada,5919815,Channel-Port aux Basques,CA,-59.14,47.57,2.39,93,20.76,92
Aksay,KZ,Kazakhstan,610613,Aksay,KZ,53.01,51.17,-22.57,66,2.56,36
Shangzhi,CN,China,2035002,Shangzhi,CN,127.96,45.21,-5.12,42,2.41,0
Lecce,IT,Italy,6542124,Lecce,IT,18.17,40.36,5.82,87,4.1,75
Mogadishu,SO,Somalia,53654,Mogadishu,SO,45.34,2.04,28.0,65,7.7,75
Ishigaki,JP,Japan,1861416,Ishigaki,JP,124.16,24.34,22.0,100,4.6,75
Pimentel,PE,Peru,3693584,Pimentel,PE,-79.94,-6.84,24.0,88,4.1,90
Kuvshinovo,RU,Russian federation,538104,Kuvshinovo,RU,34.18,57.03,-13.77,84,1.51,68
Sulangan,PH,Philippines,1685422,Sulangan,PH,123.72,11.14,27.44,96,10.61,76
Cidreira,BR,Brazil,3466165,Cidreira,BR,-50.22,-30.17,22.54,96,1.31,8
Dauriya,RU,Russian federation,2025099,Dauriya,RU,116.85,49.93,-7.87,62,2.06,0
Dingle,IE,Ireland,2964782,Dingle,IE,-10.27,52.14,10.11,99,1.51,88
Bend,US,United states of america,5713587,Bend,US,-121.32,44.06,4.67,75,4.6,1
Goma,CD,Congo (democratic republic of the),216281,Goma,CD,29.23,-1.67,18.29,83,0.96,12
Mpulungu,ZM,Zambia,175961,Mpulungu,ZM,31.12,-8.77,18.76,99,1.31,76
Aden,YE,Yemen,415189,Aden,YE,45.03,12.79,23.86,100,2.71,76
Nalut,LY,Libya,2214433,Nalut,LY,10.98,31.86,3.29,78,4.71,0
Bystryy istok,RU,Russian federation,1508517,Bystryy Istok,RU,84.39,52.37,-8.27,93,5.56,76
Clinton,US,United states of america,4320277,Clinton,US,-91.02,30.87,2.49,78,3.31,1
Statesboro,US,United states of america,4224413,Statesboro,US,-81.78,32.45,5.33,61,2.1,1
Yantal,RU,Russian federation,2055868,Yantal,RU,105.25,56.85,-4.57,67,4.36,20
Arman,RU,Russian federation,2127060,Arman,RU,150.17,59.7,-19.92,74,1.21,68
Quatre cocos,MU,Mauritius,1106643,Quatre Cocos,MU,57.76,-20.21,30.0,74,6.2,40
Paita,PE,Peru,3694112,Paita,PE,-81.11,-5.09,22.39,91,1.66,88
Poso,ID,Indonesia,1630723,Poso,ID,120.75,-1.4,26.04,100,1.86,48
Maraa,BR,Brazil,3663475,Maraa,BR,-65.37,-1.83,23.34,96,1.21,48
Binucayan,PH,Philippines,1724860,Binucayan,PH,125.72,8.25,27.24,86,3.46,76
Praia da vitoria,PT,Portugal,3372760,Praia da Vitoria,PT,-27.07,38.73,14.0,93,7.01,75
Abalak,NE,Niger,2448245,Abalak,NE,6.28,15.46,8.64,64,4.26,8
Palmerston,AU,Australia,6301965,Palmerston,AU,130.99,-12.49,33.0,63,6.2,20
Lunel,FR,France,2997116,Lunel,FR,4.13,43.67,3.98,44,5.7,0
Nizhniy baskunchak,RU,Russian federation,520798,Nizhniy Baskunchak,RU,46.83,48.22,-11.12,89,2.51,92
Christchurch,NZ,New zealand,2192362,Christchurch,NZ,172.64,-43.53,20.0,72,4.1,0
Bambous virieux,MU,Mauritius,1106677,Bambous Virieux,MU,57.76,-20.34,30.0,74,6.2,40
Ribeira grande,PT,Portugal,3372707,Ribeira Grande,PT,-28.7,38.52,14.94,100,5.71,88
Chokurdakh,RU,Russian federation,2126123,Chokurdakh,RU,147.9,70.62,-36.67,62,1.31,36
Tual,ID,Indonesia,1623197,Tual,ID,132.75,-5.67,27.94,100,6.51,56
Trebisacce,IT,Italy,2522867,Trebisacce,IT,16.53,39.87,-2.0,100,5.1,90
Yuryuzan,RU,Russian federation,466200,Yuryuzan,RU,58.43,54.87,-14.37,84,1.31,88
Makhu,IN,India,1264215,Makhu,IN,74.97,31.11,17.0,67,2.1,40
Yarmouth,CA,Canada,6185217,Yarmouth,CA,-66.12,43.84,0.0,92,9.3,75
Dzhebariki-khaya,RU,Russian federation,2024626,Dzhebariki-Khaya,RU,135.8,62.22,-42.59,0,1.11,0
Wewak,PG,Papua new guinea,2083537,Wewak,PG,143.63,-3.55,26.69,93,1.31,56
Maniitsoq,GL,Greenland,3421982,Maniitsoq,GL,-52.9,65.42,-10.67,100,3.11,12
Manzhouli,CN,China,2035836,Manzhouli,CN,117.43,49.6,-8.52,66,2.06,0
Nelson bay,AU,Australia,2155562,Nelson Bay,AU,152.14,-32.72,24.0,78,7.2,40
Westport,IE,Ireland,2960970,Westport,IE,-9.52,53.8,8.0,100,2.6,75
Koppang,NO,Norway,3149510,Koppang,NO,11.04,61.57,-7.62,87,1.31,92
Madang,PG,Papua new guinea,2091996,Madang,PG,145.81,-5.21,24.91,100,1.11,76
Tshela,CD,Congo (democratic republic of the),2311127,Tshela,CD,12.94,-4.99,20.54,97,1.41,64
Batagay-alyta,RU,Russian federation,2027042,Batagay-Alyta,RU,130.41,67.8,-36.59,56,1.31,64
Cuautla,MX,Mexico,3522961,Cuautla,MX,-98.95,18.81,10.89,81,1.06,0
Solnechnyy,RU,Russian federation,2016307,Solnechnyy,RU,136.64,50.72,-16.62,67,1.11,56
Vikhorevka,RU,Russian federation,2013399,Vikhorevka,RU,101.17,56.12,-4.0,58,6.0,40
Saint-leu,RE,Réunion,6690297,Saint-Leu,RE,55.28,-21.15,30.49,58,4.6,20
Lubango,AO,Angola,3347762,Lubango,AO,13.49,-14.92,15.99,84,0.71,0
Launceston,AU,Australia,2160517,Launceston,AU,147.14,-41.43,22.0,35,5.7,0
Richards bay,ZA,South africa,962367,Richards Bay,ZA,32.06,-28.77,24.69,85,4.56,24
Longhua,CN,China,1805798,Longhua,CN,106.21,29.21,7.16,100,1.86,80
Uthal,PK,Pakistan,1162862,Uthal,PK,66.62,25.81,20.54,72,1.41,0
Erzin,RU,Russian federation,1506938,Erzin,RU,95.16,50.26,-18.89,70,0.51,20
Colares,PT,Portugal,2269142,Colares,PT,-9.45,38.8,6.23,75,3.6,0
Katherine,AU,Australia,2068655,Katherine,AU,132.26,-14.47,36.0,47,3.6,40
La reforma,MX,Mexico,4000490,La Reforma,MX,-108.06,25.08,16.64,93,0.76,8
Bathsheba,BB,Barbados,3374083,Bathsheba,BB,-59.52,13.22,25.0,78,6.7,20
Sindgi,IN,India,1256214,Sindgi,IN,76.23,16.92,25.74,43,3.21,0
Ntchisi,MW,Malawi,927384,Ntchisi,MW,33.92,-13.36,23.0,83,3.6,0
Malampaka,TZ,"Tanzania, united republic of",155056,Malampaka,TZ,33.52,-3.14,19.89,88,0.61,56
Hambantota,LK,Sri lanka,1244926,Hambantota,LK,81.12,6.12,31.0,70,5.7,40
Steamboat springs,US,United states of america,5582371,Steamboat Springs,US,-106.83,40.48,-5.68,96,0.91,1
Kazachinskoye,RU,Russian federation,1504075,Kazachinskoye,RU,93.28,57.69,-9.12,73,4.36,68
Manono,CD,Congo (democratic republic of the),209598,Manono,CD,27.4,-7.3,23.59,86,1.66,64
Weligama,LK,Sri lanka,1223738,Weligama,LK,80.42,5.97,29.19,93,1.51,20
Tommot,RU,Russian federation,2015179,Tommot,RU,126.27,58.97,-17.34,58,1.76,44
Azogues,EC,Ecuador,3660434,Azogues,EC,-78.85,-2.74,12.89,100,1.21,88
Victor harbor,AU,Australia,2059470,Victor Harbor,AU,138.62,-35.55,24.0,50,5.1,0
Port moresby,PG,Papua new guinea,2088122,Port Moresby,PG,147.16,-9.47,32.0,59,8.7,40
Griffith,AU,Australia,2164422,Griffith,AU,146.06,-34.29,31.39,11,4.6,36
Boyolangu,ID,Indonesia,1648082,Boyolangu,ID,111.9,-8.09,28.24,94,1.11,8
Porto novo,CV,Cabo verde,3374336,Porto Novo,CV,-25.06,17.02,21.0,68,9.8,0
Waddan,LY,Libya,2209055,Waddan,LY,16.14,29.16,-2.39,64,1.36,0
Pandan,PH,Philippines,1695555,Pandan,PH,122.09,11.72,27.39,97,11.41,24
Puerto ayora,EC,Ecuador,3652764,Puerto Ayora,EC,-90.35,-0.74,23.44,100,3.11,0
Pala,TD,Chad,2426240,Pala,TD,14.91,9.37,14.84,62,2.31,0
Gusau,NG,Nigeria,2339937,Gusau,NG,6.66,12.17,14.61,36,4.71,0
Casper,US,United states of america,5820705,Casper,US,-106.31,42.87,2.8,59,9.8,1
Lugo,ES,Spain,3117814,Lugo,ES,-7.56,43.01,2.66,95,2.96,0
Fuxin,CN,China,2037346,Fuxin,CN,121.65,42.02,2.19,20,3.01,0
Rimbey,CA,Canada,6122374,Rimbey,CA,-114.24,52.64,-15.0,92,1.5,75
Ushumun,RU,Russian federation,2014038,Ushumun,RU,126.54,52.78,-14.32,47,2.51,0
Sao miguel do araguaia,BR,Brazil,3448455,Sao Miguel do Araguaia,BR,-50.16,-13.28,22.84,78,1.31,32
Thompson,CA,Canada,6165406,Thompson,CA,-97.86,55.74,-28.0,75,1.51,75
Oistins,BB,Barbados,3373652,Oistins,BB,-59.53,13.07,25.0,78,6.7,20
Tananger,NO,Norway,3134865,Tananger,NO,5.59,58.94,2.0,100,3.6,75
Sergeyevka,KZ,Kazakhstan,1519385,Sergeyevka,KZ,67.42,53.88,-14.39,81,1.76,68
Makurdi,NG,Nigeria,2331140,Makurdi,NG,8.54,7.73,19.69,86,2.91,0
Whitley bay,GB,United kingdom of great britain and northern ireland,2634032,Whitley Bay,GB,-1.44,55.04,4.31,93,5.1,20
Mangrol,IN,India,1263751,Mangrol,IN,76.51,25.33,18.74,66,1.96,0
Hobart,AU,Australia,2163355,Hobart,AU,147.33,-42.88,21.0,32,4.6,0
Chernyshevskiy,RU,Russian federation,2025456,Chernyshevskiy,RU,112.47,63.01,-17.09,78,1.66,64
Mariestad,SE,Sweden,2692613,Mariestad,SE,13.82,58.71,-7.44,92,1.5,64
Teahupoo,PF,French polynesia,4033543,Teahupoo,PF,-149.27,-17.83,26.0,74,2.6,40
Mazyr,BY,Belarus,625324,Mazyr,BY,29.27,52.05,-13.22,81,1.21,68
San juan,AR,Argentina,3837213,San Juan,AR,-68.53,-31.54,15.76,61,4.06,0
Coahuayana,MX,Mexico,3981460,Coahuayana,MX,-100.35,18.62,13.94,51,1.56,0
Morondava,MG,Madagascar,1058381,Morondava,MG,44.28,-20.3,23.19,100,0.61,92
Kon tum,VN,Viet nam,1578500,Kon Tum,VN,108.0,14.36,27.19,51,2.01,24
Qinzhou,CN,China,1797551,Qinzhou,CN,108.62,21.96,12.89,100,2.71,100
Sitka,US,United states of america,4267710,Sitka,US,-99.65,37.17,3.69,41,6.46,8
Moussoro,TD,Chad,2427336,Moussoro,TD,16.49,13.64,13.29,26,4.56,0
Banda aceh,ID,Indonesia,1215502,Banda Aceh,ID,95.32,5.56,26.99,93,1.81,44
Cap malheureux,MU,Mauritius,934649,Cap Malheureux,MU,57.61,-19.98,30.0,74,6.2,40
Fairbanks,US,United states of america,5861897,Fairbanks,US,-147.72,64.84,-24.35,69,3.1,90
Kirakira,SB,Solomon islands,2178753,Kirakira,SB,161.92,-10.46,27.44,100,5.91,64
Pak phanang,TH,Thailand,1608033,Pak Phanang,TH,100.2,8.35,30.0,70,4.6,20
Sobolevo,RU,Russian federation,525426,Sobolevo,RU,31.9,54.43,-9.39,86,2.91,88
Lisakovsk,KZ,Kazakhstan,1521315,Lisakovsk,KZ,62.49,52.55,-17.37,72,1.36,48
Khatanga,RU,Russian federation,2022572,Khatanga,RU,102.47,71.98,-33.92,47,2.26,20
San jose,BO,Bolivia (plurinational state of),3904666,San Jose,BO,-63.35,-17.94,23.0,94,5.1,75
Khandyga,RU,Russian federation,2022773,Khandyga,RU,135.58,62.65,-42.59,0,1.11,0
Yelizovo,RU,Russian federation,2119538,Yelizovo,RU,158.38,53.19,-10.0,61,2.0,20
Akhtubinsk,RU,Russian federation,583798,Akhtubinsk,RU,46.17,48.29,-10.72,99,2.41,92
Williams lake,CA,Canada,6182212,Williams Lake,CA,-122.14,52.13,2.0,74,7.7,75
Oudtshoorn,ZA,South africa,967106,Oudtshoorn,ZA,22.2,-33.59,18.0,93,4.1,90
Merauke,ID,Indonesia,2082539,Merauke,ID,140.4,-8.49,30.39,81,5.41,44
Swinoujscie,PL,Poland,3083955,Swinoujscie,PL,14.25,53.91,0.0,96,3.6,75
Ypsonas,CY,Cyprus,145952,Ypsonas,CY,32.96,34.69,8.27,66,4.1,20
Chapleau,CA,Canada,5919915,Chapleau,CA,-83.4,47.85,-13.77,60,4.56,56
Fort nelson,CA,Canada,5955902,Fort Nelson,CA,-122.69,58.81,-24.0,76,1.5,90
Champerico,GT,Guatemala,3598787,Champerico,GT,-91.92,14.3,21.44,100,0.66,8
Mahenge,TZ,"Tanzania, united republic of",155274,Mahenge,TZ,36.72,-8.68,24.39,93,1.36,64
Stornoway,GB,United kingdom of great britain and northern ireland,2636790,Stornoway,GB,-6.39,58.21,9.0,87,5.1,40
Sisimiut,GL,Greenland,3419842,Sisimiut,GL,-53.67,66.94,-18.77,100,1.66,56
Margate,ZA,South africa,978895,Margate,ZA,30.37,-30.86,24.49,91,7.96,0
Ouesso,CG,Congo,2255564,Ouesso,CG,16.05,1.61,23.11,96,1.16,32
Oporapa,CO,Colombia,3673578,Oporapa,CO,-76.0,2.03,12.59,92,0.96,32
Sapouy,BF,Burkina faso,2355869,Sapouy,BF,-1.77,11.55,15.04,41,2.96,0
Zhaotong,CN,China,1784841,Zhaotong,CN,103.71,27.34,4.76,67,0.96,24
Essenbach,DE,Germany,2923624,Essenbach,DE,11.23,48.32,-1.3,92,4.1,90
Akdepe,TM,Turkmenistan,601551,Akdepe,TM,59.39,42.05,-0.01,83,4.1,90
San vicente,PH,Philippines,1687428,San Vicente,PH,122.87,14.11,26.84,98,9.96,68
Okhotsk,RU,Russian federation,2122605,Okhotsk,RU,143.24,59.36,-23.14,100,3.61,0
Kavieng,PG,Papua new guinea,2094342,Kavieng,PG,150.8,-2.57,29.04,100,3.36,64
Marrakesh,MA,Morocco,2542997,Marrakesh,MA,-7.99,31.63,4.0,51,0.5,0
Altay,CN,China,1529651,Altay,CN,88.13,47.83,-9.87,82,1.21,76
Jiancheng,CN,China,1806124,Jiancheng,CN,104.55,30.39,7.0,75,2.0,75
Ixtapa,MX,Mexico,4004293,Ixtapa,MX,-105.21,20.71,23.0,100,0.41,90
Tezu,IN,India,1254709,Tezu,IN,96.16,27.93,13.34,59,0.76,12
Bredasdorp,ZA,South africa,1015776,Bredasdorp,ZA,20.04,-34.53,22.0,56,5.1,20
Kuito,AO,Angola,3348078,Kuito,AO,16.94,-12.38,16.29,94,4.06,64
Isangel,VU,Vanuatu,2136825,Isangel,VU,169.27,-19.55,25.79,100,5.41,64
Matagami,CA,Canada,6067747,Matagami,CA,-77.63,49.76,-13.0,84,11.3,90
Leninsk-kuznetskiy,RU,Russian federation,1500665,Leninsk-Kuznetskiy,RU,86.17,54.66,-12.0,78,5.0,90
Murgab,TM,Turkmenistan,1218612,Murgab,TM,61.97,37.5,6.0,87,6.2,40
Prainha,BR,Brazil,3391287,Prainha,BR,-53.48,-1.8,23.79,99,1.21,88
Nishihara,JP,Japan,1850144,Nishihara,JP,139.53,35.74,4.78,41,1.5,40
Hrubieszow,PL,Poland,770966,Hrubieszow,PL,23.89,50.8,-9.42,91,3.66,92
Brae,GB,United kingdom of great britain and northern ireland,2654970,Brae,GB,-1.35,60.4,9.0,93,6.7,40
Camacha,PT,Portugal,2270385,Camacha,PT,-16.33,33.08,12.58,71,1.5,20
Nuuk,GL,Greenland,3421319,Nuuk,GL,-51.74,64.17,-9.0,78,10.8,0
Buzmeyin,TM,Turkmenistan,162099,Buzmeyin,TM,58.21,38.05,12.0,50,10.3,90
Mednogorsk,RU,Russian federation,528109,Mednogorsk,RU,57.59,51.41,-22.57,63,1.31,24
Trincomalee,LK,Sri lanka,1226260,Trincomalee,LK,81.23,8.58,27.16,81,4.66,64
Yamada,JP,Japan,1849876,Yamada,JP,137.08,36.58,5.56,44,2.1,75
Tromso,NO,Norway,3133895,Tromso,NO,18.96,69.65,1.58,92,15.4,75
Petropavlovsk-kamchatskiy,RU,Russian federation,2122104,Petropavlovsk-Kamchatskiy,RU,158.65,53.05,-10.0,61,2.0,20
Ugoofaaru,MV,Maldives,1337619,Ugoofaaru,MV,73.0,5.67,27.91,100,6.46,0
Zaysan,KZ,Kazakhstan,1517060,Zaysan,KZ,84.87,47.47,-3.62,96,0.61,88
Upington,ZA,South africa,945945,Upington,ZA,21.24,-28.46,18.0,59,2.1,0
Mildura,AU,Australia,2157698,Mildura,AU,142.16,-34.18,29.0,16,3.1,0
Biltine,TD,Chad,244878,Biltine,TD,20.93,14.53,14.91,41,3.11,0
Oriximina,BR,Brazil,3393471,Oriximina,BR,-55.87,-1.77,22.59,100,1.31,88
Axim,GH,Ghana,2303611,Axim,GH,-2.24,4.87,27.94,100,5.66,0
Usinsk,RU,Russian federation,863061,Usinsk,RU,57.56,66.0,-24.32,57,3.86,32
Ati,TD,Chad,2436400,Ati,TD,18.34,13.21,15.44,49,1.36,0
Vanimo,PG,Papua new guinea,2084442,Vanimo,PG,141.3,-2.67,27.89,100,7.01,44
Ridgecrest,US,United states of america,5387494,Ridgecrest,US,-117.67,35.62,11.1,56,3.6,75
San jose,GT,Guatemala,3590069,San Jose,GT,-89.9,16.98,20.44,100,1.41,100
Moorhead,US,United states of america,5038108,Moorhead,US,-96.75,46.87,-13.63,72,1.86,90
Manadhoo,MV,Maldives,1337618,Manadhoo,MV,73.38,5.77,27.64,100,5.01,64
Wattegama,LK,Sri lanka,1241622,Wattegama,LK,80.68,7.35,29.19,66,2.31,0
San juan,US,United states of america,4726440,San Juan,US,-98.16,26.19,16.52,80,2.1,90
Aiani,GR,Greece,736971,Aiani,GR,21.82,40.17,-10.17,94,0.96,20
Truro,GB,United kingdom of great britain and northern ireland,2635412,Truro,GB,-5.05,50.26,0.87,80,2.6,20
Nabire,ID,Indonesia,1634614,Nabire,ID,135.5,-3.36,27.49,72,1.11,32
Lompoc,US,United states of america,5367788,Lompoc,US,-120.46,34.64,9.23,100,1.5,1
Fairview,US,United states of america,5097801,Fairview,US,-74.0,40.81,0.4,48,5.66,90
Mayumba,GA,Gabon,2399001,Mayumba,GA,10.65,-3.44,24.89,100,2.21,56
Orihuela,ES,Spain,2513076,Orihuela,ES,-0.95,38.09,6.6,53,3.1,75
Santa rosa,BO,Bolivia (plurinational state of),3904890,Santa Rosa,BO,-64.83,-20.7,13.49,95,0.76,24
Mehamn,NO,Norway,778707,Mehamn,NO,27.85,71.03,-3.42,73,15.9,80
Itarema,BR,Brazil,3393692,Itarema,BR,-39.92,-2.92,21.74,100,2.86,92
Labuhan,ID,Indonesia,1641899,Labuhan,ID,115.51,-2.54,30.86,65,1.36,48
Linjiang,CN,China,2036069,Linjiang,CN,126.91,41.81,-5.84,76,2.46,0
Hamilton,BM,Bermuda,3573197,Hamilton,BM,-64.78,32.3,19.0,88,8.7,75
Soto la marina,MX,Mexico,3516522,Soto la Marina,MX,-98.21,23.77,18.14,82,2.71,0
Longyearbyen,SJ,Svalbard and jan mayen,2729907,Longyearbyen,SJ,15.64,78.22,-5.0,67,22.1,75
Comodoro rivadavia,AR,Argentina,3860443,Comodoro Rivadavia,AR,-67.48,-45.87,13.0,43,7.2,0
Ornskoldsvik,SE,Sweden,2686469,Ornskoldsvik,SE,18.72,63.29,-10.08,92,1.5,0
Ayagoz,KZ,Kazakhstan,1525988,Ayagoz,KZ,80.43,47.96,-2.39,94,3.46,88
Hit,IQ,Iraq,95788,Hit,IQ,42.83,33.64,3.86,71,1.21,0
Tuktoyaktuk,CA,Canada,6170031,Tuktoyaktuk,CA,-133.03,69.44,-35.0,73,3.1,20
Taoudenni,ML,Mali,2450173,Taoudenni,ML,-3.98,22.68,2.66,52,2.46,0
Ushuaia,AR,Argentina,3833367,Ushuaia,AR,-68.31,-54.81,8.0,61,2.6,76
Butaritari,KI,Kiribati,2110227,Butaritari,KI,172.79,3.07,29.51,99,6.36,76
Balabanovo,RU,Russian federation,579529,Balabanovo,RU,36.66,55.18,-11.51,85,2.0,40
Zapolyarnyy,RU,Russian federation,464790,Zapolyarnyy,RU,30.82,69.43,-14.0,84,18.5,20
Yeppoon,AU,Australia,2142316,Yeppoon,AU,150.74,-23.13,28.0,54,4.1,75
Buraydah,SA,Saudi arabia,107304,Buraydah,SA,43.97,26.33,11.0,57,4.1,20
Arkansas city,US,United states of america,4267661,Arkansas City,US,-97.04,37.06,1.07,51,4.1,1
Korla,CN,China,1529376,Korla,CN,86.15,41.76,-8.24,100,1.31,56
Albany,AU,Australia,2077963,Albany,AU,117.88,-35.02,25.0,57,8.2,8
Kurchum,KZ,Kazakhstan,1521762,Kurchum,KZ,83.65,48.57,-3.87,95,3.76,92
Ucluelet,CA,Canada,6171633,Ucluelet,CA,-125.55,48.94,7.49,99,2.51,92
Huarmey,PE,Peru,3939168,Huarmey,PE,-78.15,-10.07,16.94,93,0.46,8
Evensk,RU,Russian federation,2125693,Evensk,RU,159.24,61.92,-9.77,99,5.86,12
Port said,EG,Egypt,360923,Port Said,EG,30.55,25.34,4.36,72,1.31,64
Hirara,JP,Japan,1862505,Hirara,JP,125.28,24.8,22.0,94,4.6,75
Blagoyevo,RU,Russian federation,576093,Blagoyevo,RU,47.92,63.37,-18.92,71,1.66,64
Severnoye,RU,Russian federation,496381,Severnoye,RU,52.54,54.09,-18.49,68,1.61,48
Antofagasta,CL,Chile,3899539,Antofagasta,CL,-70.4,-23.65,18.0,82,0.5,75
Saint george,BM,Bermuda,3573061,Saint George,BM,-64.68,32.38,19.0,88,8.7,75
Bahir dar,ET,Ethiopia,342884,Bahir Dar,ET,37.39,11.59,17.69,30,1.76,8
Port lincoln,AU,Australia,2063036,Port Lincoln,AU,135.86,-34.72,21.99,69,5.56,0
Luwuk,ID,Indonesia,1637001,Luwuk,ID,122.79,-0.95,31.09,72,1.06,0
Campo verde,BR,Brazil,3392478,Campo Verde,BR,-35.12,-7.26,24.0,88,1.5,20
Zhoucheng,CN,China,6957977,Zhoucheng,CN,119.33,31.35,3.0,100,1.0,90
Saint-pierre,PM,Saint pierre and miquelon,3424934,Saint-Pierre,PM,-56.17,46.77,0.94,99,16.01,92
Takoradi,GH,Ghana,2294915,Takoradi,GH,-1.75,4.89,26.79,100,3.86,0
Kanigoro,ID,Indonesia,1641497,Kanigoro,ID,112.22,-8.13,29.04,89,3.81,56
Limoges,FR,France,2998286,Limoges,FR,1.26,45.84,0.0,88,5.1,75
Tornio,FI,Finland,637314,Tornio,FI,27.27,61.12,-8.68,92,2.1,90
Ise,JP,Japan,1861450,Ise,JP,136.72,34.5,5.0,60,3.6,75
Santa rosalia,MX,Mexico,3991622,Santa Rosalia,MX,-111.6,28.71,16.0,82,2.21,20
Sibu,MY,Malaysia,1735902,Sibu,MY,111.83,2.29,31.0,70,1.5,75
Yanam,IN,India,1252795,Yanam,IN,82.22,16.73,30.0,58,1.5,12
Poum,NC,New caledonia,2138555,Poum,NC,164.02,-20.23,25.94,100,9.86,0
Porto seguro,BR,Brazil,3452640,Porto Seguro,BR,-39.06,-16.44,23.0,88,1.5,75
Miles city,US,United states of america,5666176,Miles City,US,-105.84,46.41,-4.4,87,4.1,1
Bansang,GM,Gambia,2413866,Bansang,GM,-14.66,13.44,15.0,87,2.71,36
Bouca,CF,Central african republic,2387890,Bouca,CF,18.28,6.51,20.04,59,1.86,0
Independence,US,United states of america,4391812,Independence,US,-94.42,39.09,-3.98,85,1.31,1
Sale,AU,Australia,2150615,Sale,AU,147.06,-38.11,21.91,59,1.86,68
Puerto escondido,MX,Mexico,3520994,Puerto Escondido,MX,-97.07,15.86,27.86,100,6.01,8
Pachino,IT,Italy,6539213,Pachino,IT,15.09,36.72,9.0,81,7.2,40
Pevek,RU,Russian federation,2122090,Pevek,RU,170.27,69.7,-15.59,72,5.36,76
Sorland,NO,Norway,3137469,Sorland,NO,12.69,67.67,5.97,93,14.4,75
Rapar,IN,India,1258406,Rapar,IN,70.65,23.57,23.34,39,2.91,0
Artyom,AZ,Azerbaijan,587207,Artyom,AZ,50.33,40.47,5.0,75,12.3,75
Vaini,TO,Tonga,4032243,Vaini,TO,-175.2,-21.2,27.0,94,2.1,40
Salinopolis,BR,Brazil,3389822,Salinopolis,BR,-47.36,-0.61,25.61,100,4.91,68
Boissevain,CA,Canada,5905191,Boissevain,CA,-100.06,49.23,-16.0,84,5.7,90
Warri,NG,Nigeria,2319133,Warri,NG,5.75,5.52,22.64,95,2.26,0
Simplicio mendes,BR,Brazil,3387620,Simplicio Mendes,BR,-41.91,-7.85,21.29,91,3.16,92
Marsaxlokk,MT,Malta,2562247,Marsaxlokk,MT,14.54,35.84,13.0,66,9.3,40
Mandalgovi,MN,Mongolia,2030065,Mandalgovi,MN,106.27,45.76,-10.89,57,3.46,0
Bjornevatn,NO,Norway,780643,Bjornevatn,NO,29.98,69.67,-10.74,84,18.5,20
Beloha,MG,Madagascar,1067565,Beloha,MG,45.06,-25.17,25.44,100,2.31,32
Ovalle,CL,Chile,3877918,Ovalle,CL,-71.2,-30.6,11.44,95,1.36,0
Tuy hoa,VN,Viet nam,1563281,Tuy Hoa,VN,109.3,13.08,24.69,97,3.46,48
Gamba,GA,Gabon,2400547,Gamba,GA,10.02,-2.72,24.79,100,2.21,80
Starominskaya,RU,Russian federation,488742,Starominskaya,RU,39.06,46.54,-2.87,87,4.56,12
Lesnoy,RU,Russian federation,535734,Lesnoy,RU,52.13,59.78,-8.59,86,1.81,80
Minas,UY,Uruguay,3441665,Minas,UY,-55.24,-34.38,19.0,82,5.1,90
Coquimbo,CL,Chile,3893629,Coquimbo,CL,-71.34,-29.95,14.0,87,1.5,0
Lakeside,US,United states of america,4768423,Lakeside,US,-77.48,37.61,0.44,39,6.2,90
Yar-sale,RU,Russian federation,1486321,Yar-Sale,RU,70.83,66.83,-28.49,84,2.96,24
Santa maria,CV,Cabo verde,3374218,Santa Maria,CV,-22.9,16.6,20.0,82,5.1,0
Solin,HR,Croatia,3190359,Solin,HR,16.49,43.54,6.0,41,8.2,0
Kupang,ID,Indonesia,2057087,Kupang,ID,123.6,-10.16,30.01,84,3.91,68
Esperance,AU,Australia,2071860,Esperance,AU,121.89,-33.86,33.0,22,6.7,0
Svetlogorsk,RU,Russian federation,584051,Svetlogorsk,RU,59.15,53.14,-9.0,66,1.0,75
Inhambane,MZ,Mozambique,1045114,Inhambane,MZ,35.38,-23.87,30.0,74,4.1,75
Lluta,PE,Peru,3936088,Lluta,PE,-72.01,-16.02,4.44,95,0.76,32
Capanema,BR,Brazil,3467400,Capanema,BR,-53.8,-25.67,24.5,94,2.6,0
Bosobolo,CD,Congo (democratic republic of the),2316473,Bosobolo,CD,19.88,4.19,20.39,82,1.86,8
Waingapu,ID,Indonesia,1622318,Waingapu,ID,120.26,-9.65,27.94,95,2.11,68
Cape town,ZA,South africa,3369157,Cape Town,ZA,18.42,-33.93,20.0,68,4.1,20
Hervey bay,AU,Australia,2146219,Hervey Bay,AU,152.85,-25.3,28.0,58,6.7,75
Mincivan,AZ,Azerbaijan,147504,Mincivan,AZ,46.72,39.03,-1.97,52,1.41,0
Caraballeda,VE,Venezuela (bolivarian republic of),3646767,Caraballeda,VE,-66.85,10.61,23.86,100,3.56,24
Redmond,US,United states of america,5808079,Redmond,US,-122.12,47.67,9.75,79,3.1,90
Husavik,IS,Iceland,2629833,Husavik,IS,-17.34,66.04,2.54,78,10.66,0
Sola,VU,Vanuatu,2134814,Sola,VU,167.55,-13.88,28.39,93,1.51,32
Aksarayskiy,RU,Russian federation,583683,Aksarayskiy,RU,48.01,46.79,-7.0,85,2.0,90
Sao joao da barra,BR,Brazil,3448903,Sao Joao da Barra,BR,-41.05,-21.64,25.84,98,6.61,44
Mont-de-marsan,FR,France,2992771,Mont-de-Marsan,FR,-0.5,43.89,-0.5,92,1.0,0
Robertsport,LR,Liberia,2274275,Robertsport,LR,-11.37,6.75,27.59,100,3.91,0
Turayf,SA,Saudi arabia,101312,Turayf,SA,38.65,31.68,1.0,77,2.1,0
Rodrigues alves,BR,Brazil,3665210,Rodrigues Alves,BR,-72.65,-7.74,24.0,100,1.96,0
Vestmannaeyjar,IS,Iceland,3412093,Vestmannaeyjar,IS,-20.27,63.44,5.0,80,10.3,75
Barrow,US,United states of america,4252975,Barrow,US,-90.4,39.51,-6.16,73,1.5,1
Skjervoy,NO,Norway,777682,Skjervoy,NO,20.97,70.03,1.0,100,10.8,90
Vao,NC,New caledonia,2137773,Vao,NC,167.48,-22.67,24.54,100,7.61,92
Kargasok,RU,Russian federation,1504382,Kargasok,RU,80.87,59.06,-17.67,64,2.76,48
La libertad,SV,El salvador,3585157,La Libertad,SV,-89.32,13.49,22.7,94,1.0,40
Bloomington,US,United states of america,4885164,Bloomington,US,-88.99,40.47,-7.83,80,4.1,1
Tessalit,ML,Mali,2449893,Tessalit,ML,1.01,20.2,3.54,55,1.16,0
Bayaguana,DO,Dominican republic,3511626,Bayaguana,DO,-69.64,18.75,21.0,94,2.1,20
Sioux lookout,CA,Canada,6148373,Sioux Lookout,CA,-91.92,50.1,-24.38,83,1.5,5
Yekaterinoslavka,RU,Russian federation,1532612,Yekaterinoslavka,RU,72.46,54.34,-13.42,83,2.91,48
Gucheng,CN,China,1804386,Gucheng,CN,111.65,32.27,0.49,82,2.41,80
Baykit,RU,Russian federation,1510689,Baykit,RU,96.39,61.68,-14.24,75,4.31,56
Tramagal,PT,Portugal,2262540,Tramagal,PT,-8.25,39.45,6.0,87,3.1,0
Yarada,IN,India,1252783,Yarada,IN,83.27,17.65,27.0,54,3.1,40
Velez-malaga,ES,Spain,2509769,Velez-Malaga,ES,-4.1,36.77,3.64,100,8.2,0
Mlimba,TZ,"Tanzania, united republic of",153384,Mlimba,TZ,35.81,-8.78,25.24,84,1.36,80
Puerto colombia,CO,Colombia,3671497,Puerto Colombia,CO,-74.96,10.99,25.0,83,3.1,20
Peebles,GB,United kingdom of great britain and northern ireland,2640526,Peebles,GB,-3.19,55.65,7.0,93,3.1,0
Arraial do cabo,BR,Brazil,3471451,Arraial do Cabo,BR,-42.02,-22.97,24.26,92,7.51,20
Jimenez,MX,Mexico,4003938,Jimenez,MX,-105.4,28.33,9.59,85,2.21,80
Vostok,RU,Russian federation,2013279,Vostok,RU,135.83,46.45,-10.92,69,3.11,64
Peleduy,RU,Russian federation,2018069,Peleduy,RU,112.75,59.63,-6.57,79,3.61,80
Pinos puente,ES,Spain,2512509,Pinos Puente,ES,-3.75,37.25,-0.26,86,0.5,0
Pucallpa,PE,Peru,3693345,Pucallpa,PE,-74.54,-8.38,24.0,94,2.6,40
Gayny,RU,Russian federation,561698,Gayny,RU,54.33,60.3,-13.52,83,2.26,76
Bilibino,RU,Russian federation,2126682,Bilibino,RU,166.44,68.06,-14.24,69,2.46,76
Dondo,MZ,Mozambique,1024696,Dondo,MZ,34.74,-19.62,30.0,79,2.26,75
Trifesti,RO,Romania,664609,Trifesti,RO,27.52,47.45,-6.0,85,2.6,90
Chuy,UY,Uruguay,3443061,Chuy,UY,-53.46,-33.69,20.64,95,2.26,92
Podosinovets,RU,Russian federation,508068,Podosinovets,RU,47.06,60.28,-7.67,85,2.96,76
Kirtipur,NP,Nepal,1283190,Kirtipur,NP,85.28,27.68,15.0,51,2.1,20
Prince rupert,CA,Canada,6113406,Prince Rupert,CA,-130.32,54.32,4.0,100,1.0,90
Tiksi,RU,Russian federation,2015306,Tiksi,RU,128.87,71.64,-38.32,72,2.11,44
Stykkisholmur,IS,Iceland,3412888,Stykkisholmur,IS,-22.73,65.08,1.84,97,7.96,20
Karratha,AU,Australia,6620339,Karratha,AU,116.85,-20.74,46.66,11,5.36,8
Sarangani,PH,Philippines,1687186,Sarangani,PH,125.46,5.4,28.44,93,5.01,92
Portobelo,PA,Panama,3702577,Portobelo,PA,-79.65,9.55,21.0,94,1.0,40
Ahuimanu,US,United states of america,5856516,Ahuimanu,US,-157.84,21.44,21.39,90,2.1,90
Shenjiamen,CN,China,1795632,Shenjiamen,CN,122.3,29.96,11.16,100,5.66,92
Ostersund,SE,Sweden,2685750,Ostersund,SE,14.64,63.18,-3.0,92,7.2,40
Igarka,RU,Russian federation,1505991,Igarka,RU,86.57,67.47,-28.39,82,4.91,56
Lazaro cardenas,MX,Mexico,3996234,Lazaro Cardenas,MX,-105.62,28.39,9.59,85,2.21,80
Tuatapere,NZ,New zealand,2180815,Tuatapere,NZ,167.69,-46.13,15.51,84,10.11,32
Yulara,AU,Australia,6355222,Yulara,AU,130.99,-25.24,40.0,7,3.1,0
Campos altos,BR,Brazil,3467688,Campos Altos,BR,-46.17,-19.7,15.76,75,2.66,12
Along,IN,India,1278969,Along,IN,94.8,28.17,16.91,33,0.76,0
Semirom,IR,Iran (islamic republic of),116406,Semirom,IR,51.57,31.41,1.34,44,1.76,20
Cayhagan,PH,Philippines,1717550,Cayhagan,PH,122.43,9.67,29.61,79,5.66,92
Alora,ES,Spain,2521840,Alora,ES,-4.71,36.82,13.0,89,8.2,0
Purpe,RU,Russian federation,1539210,Purpe,RU,76.69,64.48,-25.77,65,5.71,44
Znamenskoye,RU,Russian federation,1485020,Znamenskoye,RU,73.82,57.13,-21.22,73,3.16,0
Dwarka,IN,India,1273294,Dwarka,IN,77.04,28.58,18.0,48,2.1,20
Macia,MZ,Mozambique,1024701,Macia,MZ,33.09,-25.03,26.29,86,1.56,56
Caravelas,BR,Brazil,3466980,Caravelas,BR,-39.27,-17.73,23.24,100,2.66,92
Pombas,CV,Cabo verde,3374351,Pombas,CV,-25.02,17.15,21.0,68,9.8,0
Gazanjyk,TM,Turkmenistan,161974,Gazanjyk,TM,55.52,39.24,6.69,97,6.61,44
Lavrentiya,RU,Russian federation,4031637,Lavrentiya,RU,-170.99,65.58,-16.77,91,8.71,0
Guajara,BR,Brazil,3385088,Guajara,BR,-48.16,-0.88,24.0,94,1.0,0
Ulvik,NO,Norway,3133311,Ulvik,NO,6.92,60.57,-3.0,100,7.7,90
Beitbridge,ZW,Zimbabwe,895269,Beitbridge,ZW,30.0,-22.22,27.84,69,4.06,32
Bubaque,GW,Guinea-bissau,2374583,Bubaque,GW,-15.83,11.28,25.54,100,2.06,80
Kalmunai,LK,Sri lanka,1242110,Kalmunai,LK,81.82,7.42,25.19,96,3.46,92
Nisia floresta,BR,Brazil,3393922,Nisia Floresta,BR,-35.21,-6.09,23.96,78,4.1,40
Rodos,GR,Greece,400666,Rodos,GR,28.22,36.44,12.56,76,3.6,75
Victoria,CA,Canada,5895424,Victoria,CA,-53.22,47.77,-4.0,92,7.2,90
Coari,BR,Brazil,3664539,Coari,BR,-63.14,-4.09,23.94,98,1.36,44
Eurajoki,FI,Finland,660073,Eurajoki,FI,21.73,61.2,-6.0,92,2.1,8
Nome,US,United states of america,4732862,Nome,US,-94.42,30.04,5.64,53,3.1,1
Huanren,CN,China,2036713,Huanren,CN,125.37,41.26,-1.24,42,1.41,0
Port hedland,AU,Australia,2063042,Port Hedland,AU,118.58,-20.31,34.0,63,9.8,0
Teknaf,BD,Bangladesh,1185095,Teknaf,BD,92.31,20.86,26.91,49,1.66,0
Punta arenas,CL,Chile,3874787,Punta Arenas,CL,-70.91,-53.16,9.0,57,9.3,90
Tabora,TZ,"Tanzania, united republic of",149658,Tabora,TZ,32.81,-5.02,20.0,100,2.26,75
Georgetown,SH,"Saint helena, ascension and tristan da cunha",2411397,Georgetown,SH,-14.42,-7.93,25.0,83,5.1,40
Hobyo,SO,Somalia,57000,Hobyo,SO,48.53,5.35,26.04,74,8.61,36
Balotra,IN,India,1277527,Balotra,IN,72.24,25.83,20.59,39,2.06,0
Innisfail,AU,Australia,2162683,Innisfail,AU,146.03,-17.52,27.29,83,0.31,68
Samarai,PG,Papua new guinea,2132606,Samarai,PG,150.67,-10.62,29.04,100,3.86,12
Abonnema,NG,Nigeria,2324433,Abonnema,NG,6.79,4.71,20.0,82,1.41,24
Guaruja,BR,Brazil,3461789,Guaruja,BR,-46.26,-23.99,21.98,83,2.1,0
Lastoursville,GA,Gabon,2399870,Lastoursville,GA,12.73,-0.81,21.34,100,1.21,88
Koutsouras,GR,Greece,261814,Koutsouras,GR,25.95,35.03,15.91,100,13.06,80
Opuwo,NA,,3354077,Opuwo,NA,13.84,-18.06,16.16,44,1.56,0
Uhlove,UA,Ukraine,690820,Uhlove,UA,33.6,44.82,3.49,100,5.66,92
Tura,RU,Russian federation,2014833,Tura,RU,100.22,64.27,-19.34,81,1.21,64
Fortuna,US,United states of america,5563839,Fortuna,US,-124.16,40.6,10.98,100,3.1,90
Assiniboia,CA,Canada,5887798,Assiniboia,CA,-105.99,49.63,-5.89,65,5.16,64
Luebo,CD,Congo (democratic republic of the),210939,Luebo,CD,21.42,-5.35,21.54,98,1.21,88
Ambon,ID,Indonesia,1651531,Ambon,ID,128.18,-3.7,32.0,59,3.6,40
Okha,RU,Russian federation,2122614,Okha,RU,142.95,53.59,-14.57,90,1.81,76
Mariinskiy posad,RU,Russian federation,529343,Mariinskiy Posad,RU,47.72,56.12,-11.0,92,5.0,75
Hella,IS,Iceland,3415720,Hella,IS,-20.4,63.84,5.0,80,10.3,75
Inirida,CO,Colombia,3671450,Inirida,CO,-67.92,3.87,21.86,96,0.76,0
Provideniya,RU,Russian federation,4031574,Provideniya,RU,-173.23,64.42,-16.07,100,11.21,24
Dikson,RU,Russian federation,1507390,Dikson,RU,80.55,73.51,-25.92,100,4.21,44
Diamantino,BR,Brazil,3464724,Diamantino,BR,-56.44,-14.4,22.16,90,1.11,8
Abbeville,US,United states of america,4314295,Abbeville,US,-92.13,29.97,5.52,70,1.5,1
San carlos de bariloche,AR,Argentina,7647007,San Carlos de Bariloche,AR,-71.31,-41.13,0.0,100,3.1,0
Iqaluit,CA,Canada,5983720,Iqaluit,CA,-68.52,63.75,-30.0,67,8.7,5
Ranong,TH,Thailand,1150965,Ranong,TH,98.62,9.96,28.94,90,5.41,76
Hermanus,ZA,South africa,3366880,Hermanus,ZA,19.24,-34.42,15.66,90,2.01,76
Veshenskaya,RU,Russian federation,473998,Veshenskaya,RU,41.73,49.63,-11.27,89,1.76,64
Rio grande,BR,Brazil,3451138,Rio Grande,BR,-52.1,-32.03,22.66,100,1.61,76
Douglas,US,United states of america,4191916,Douglas,US,-82.85,31.51,6.71,38,3.6,1
Barahona,DO,Dominican republic,3492985,Barahona,DO,-71.1,18.21,24.26,100,1.96,64
Cherskiy,RU,Russian federation,2126199,Cherskiy,RU,161.3,68.75,-17.97,55,3.16,36
Kenai,US,United states of america,5866063,Kenai,US,-151.26,60.55,-13.86,82,1.5,20
Port elizabeth,ZA,South africa,964420,Port Elizabeth,ZA,25.57,-33.92,23.0,73,9.8,75
Konza,KE,Kenya,190544,Konza,KE,37.13,-1.74,19.79,73,5.1,75
Kasungu,MW,Malawi,928534,Kasungu,MW,33.48,-13.04,22.29,94,1.86,20
Touros,BR,Brazil,3386213,Touros,BR,-35.46,-5.2,23.0,94,2.1,40
Torbay,CA,Canada,6167817,Torbay,CA,-52.73,47.66,-4.0,92,7.2,90
Kula,TR,Turkey,305810,Kula,TR,28.65,38.55,7.36,74,5.86,80
Bethel,US,United states of america,5880568,Bethel,US,-161.76,60.79,-25.72,81,7.7,1
Acapulco,MX,Mexico,3533462,Acapulco,MX,-99.88,16.86,25.0,83,2.1,20
San cristobal,EC,Ecuador,3652567,San Cristobal,EC,-79.44,-1.02,14.94,100,1.11,68
Algeciras,PH,Philippines,1731531,Algeciras,PH,120.82,11.42,27.34,97,11.76,0
Mapimi,MX,Mexico,3996647,Mapimi,MX,-103.85,25.82,9.76,87,1.41,0
Bluff,NZ,New zealand,2206939,Bluff,NZ,168.33,-46.6,16.66,89,13.36,48
Azul,AR,Argentina,3436199,Azul,AR,-59.86,-36.78,15.51,69,5.66,92
Kaduqli,SD,Sudan,373141,Kaduqli,SD,29.72,11.01,19.39,46,5.21,0
Kruisfontein,ZA,South africa,986717,Kruisfontein,ZA,24.73,-34.0,18.39,96,4.91,88
Yellowknife,CA,Canada,6185377,Yellowknife,CA,-114.38,62.45,-34.0,73,2.6,20
Coracora,PE,Peru,3942259,Coracora,PE,-73.78,-15.02,-3.74,70,1.06,12
Muriwai beach,NZ,New zealand,2186363,Muriwai Beach,NZ,174.45,-36.82,23.0,69,4.6,76
Rock sound,BS,Bahamas,3571592,Rock Sound,BS,-76.2,24.9,24.29,100,7.36,0
Shubarkuduk,KZ,Kazakhstan,608271,Shubarkuduk,KZ,56.49,49.15,-17.37,83,3.36,24
Cayambe,EC,Ecuador,3659578,Cayambe,EC,-78.14,0.04,12.0,100,1.0,75
Barcelos,BR,Brazil,3665098,Barcelos,BR,-62.93,-0.97,24.14,93,1.21,32
Bandiagara,ML,Mali,2460489,Bandiagara,ML,-3.61,14.35,13.0,62,2.51,0
La ronge,CA,Canada,6050066,La Ronge,CA,-105.3,55.1,-17.0,77,5.1,90
China,MX,Mexico,3530839,China,MX,-99.24,25.71,13.64,83,3.81,56
Severo-kurilsk,RU,Russian federation,2121385,Severo-Kurilsk,RU,156.12,50.68,-6.57,100,1.41,68
Laukaa,FI,Finland,648739,Laukaa,FI,25.95,62.42,-8.0,92,1.0,75
Hovd,MN,Mongolia,1516048,Hovd,MN,91.64,48.01,-18.34,57,1.41,0
Georgetown,GY,Guyana,3378644,Georgetown,GY,-58.16,6.8,21.0,94,1.0,20
Jalu,LY,Libya,86049,Jalu,LY,21.55,29.03,3.91,81,2.26,0
Ngunguru,NZ,New zealand,2186111,Ngunguru,NZ,174.5,-35.62,22.01,93,3.56,32
Broken hill,AU,Australia,2173911,Broken Hill,AU,141.45,-31.97,32.0,11,3.1,0
Port augusta,AU,Australia,2063056,Port Augusta,AU,137.76,-32.49,26.0,50,7.2,24
Sept-iles,CA,Canada,6144312,Sept-Iles,CA,-66.38,50.2,-5.0,92,4.6,90
Havre,US,United states of america,5656497,Havre,US,-109.68,48.55,-1.7,71,7.7,1
Le port,RE,Réunion,935616,Le Port,RE,55.29,-20.94,30.52,66,5.7,0
Zverinogolovskoye,RU,Russian federation,1484943,Zverinogolovskoye,RU,64.85,54.46,-22.27,64,1.31,0
San antonio,HN,Honduras,3582835,San Antonio,HN,-88.47,13.96,21.24,67,1.06,44
Port hardy,CA,Canada,6111862,Port Hardy,CA,-127.42,50.7,8.0,87,5.7,90
Ordzhonikidze,UA,Ukraine,698438,Ordzhonikidze,UA,35.36,44.96,5.49,100,8.41,20
Itoman,JP,Japan,1861280,Itoman,JP,127.67,26.12,20.94,68,3.6,75
Khlung,TH,Thailand,1609858,Khlung,TH,102.22,12.46,32.0,66,2.6,75
Darhan,MN,Mongolia,2031964,Darhan,MN,105.92,49.49,-7.84,39,1.86,0
Sarkand,KZ,Kazakhstan,1519691,Sarkand,KZ,79.91,45.41,-1.49,89,1.11,92
Ketchikan,US,United states of america,5554428,Ketchikan,US,-131.65,55.34,3.35,96,4.31,90
Egvekinot,RU,Russian federation,4031742,Egvekinot,RU,-179.17,66.32,-29.27,58,1.36,36
Kafue,ZM,Zambia,915883,Kafue,ZM,28.18,-15.74,20.0,100,1.0,80
Pilar,PH,Philippines,1693839,Pilar,PH,120.55,14.67,30.32,52,7.2,20
Nurota,UZ,Uzbekistan,1513087,Nurota,UZ,65.69,40.56,13.0,88,6.2,75
Pisco,PE,Peru,3932145,Pisco,PE,-76.2,-13.71,20.0,94,0.5,0
Mareeba,AU,Australia,2158767,Mareeba,AU,145.42,-16.99,27.0,78,5.1,76
Naryan-mar,RU,Russian federation,523392,Naryan-Mar,RU,53.09,67.67,-17.67,75,6.11,8
Morehead,PG,Papua new guinea,2090495,Morehead,PG,141.64,-8.71,29.01,87,3.81,64
Punta alta,AR,Argentina,3429886,Punta Alta,AR,-55.82,-27.46,28.0,74,2.1,0
Geraldton,AU,Australia,2070998,Geraldton,AU,114.6,-28.77,25.0,61,9.3,20
Santa rosa,AR,Argentina,3835994,Santa Rosa,AR,-64.29,-36.62,10.0,87,4.6,90
Walvis bay,NA,,3359638,Walvis Bay,NA,14.51,-22.95,16.0,87,0.5,90
Jacksonville,US,United states of america,4160021,Jacksonville,US,-81.66,30.33,7.2,42,4.6,1
Youghal,IE,Ireland,2960869,Youghal,IE,-7.85,51.95,9.0,100,3.1,75
Castro,CL,Chile,3896218,Castro,CL,-73.76,-42.48,4.0,93,1.5,0
Rodez,FR,France,2983154,Rodez,FR,2.57,44.35,-2.0,79,4.1,0
Clyde river,CA,Canada,5924351,Clyde River,CA,-68.59,70.47,-30.0,67,2.6,1
Aklavik,CA,Canada,5882953,Aklavik,CA,-135.01,68.22,-36.0,66,1.5,90
Moffat,GB,United kingdom of great britain and northern ireland,2642384,Moffat,GB,-3.44,55.33,3.6,93,3.1,0
Sao jose da coroa grande,BR,Brazil,3388456,Sao Jose da Coroa Grande,BR,-35.15,-8.9,23.61,100,1.96,80
Ayame,CI,Côte d'ivoire,2292542,Ayame,CI,-3.16,5.61,24.84,95,2.51,0
Mikhaylovka,KZ,Kazakhstan,1520172,Mikhaylovka,KZ,69.46,54.89,-21.0,83,2.0,0
Flagstaff,US,United states of america,5294810,Flagstaff,US,-111.65,35.2,1.86,87,0.96,1
Belousovka,KZ,Kazakhstan,1520316,Belousovka,KZ,82.52,50.13,-4.0,100,4.0,90
Broome,AU,Australia,2075720,Broome,AU,122.23,-17.97,33.0,59,6.2,40
Basco,PH,Philippines,1726449,Basco,PH,121.97,20.45,25.29,100,6.81,56
Jumla,NP,Nepal,1283285,Jumla,NP,82.18,29.28,-0.47,66,0.46,0
Rock springs,US,United states of america,5836898,Rock Springs,US,-109.2,41.59,-8.3,87,1.5,1
Rzhev,RU,Russian federation,499717,Rzhev,RU,34.33,56.26,-12.92,85,1.41,76
Bayan,KW,Kuwait,285663,Bayan,KW,48.05,29.3,13.0,54,4.6,80
Acari,PE,Peru,3948613,Acari,PE,-74.62,-15.44,13.04,99,0.71,44
Mokhsogollokh,RU,Russian federation,2019867,Mokhsogollokh,RU,128.95,61.4,-27.89,77,1.06,36
Lexington,US,United states of america,4297983,Lexington,US,-84.5,38.05,-4.93,62,3.6,90
Tilichiki,RU,Russian federation,2120591,Tilichiki,RU,166.1,60.47,-2.07,87,5.21,64
Kaohsiung,TW,"Taiwan, province of china",1673820,Kaohsiung,TW,120.31,22.62,25.93,65,3.1,75
Patnos,TR,Turkey,302819,Patnos,TR,42.86,39.23,-17.0,84,0.5,75
Zavetnoye,RU,Russian federation,464179,Zavetnoye,RU,43.89,47.12,-14.27,73,1.31,24
Iskateley,RU,Russian federation,866062,Iskateley,RU,53.15,67.68,-16.72,80,6.46,56
Qasigiannguit,GL,Greenland,3420768,Qasigiannguit,GL,-51.19,68.82,-17.0,64,2.1,0
Itaituba,BR,Brazil,3397967,Itaituba,BR,-55.99,-4.26,23.34,97,1.16,80
Bazpur,IN,India,1276642,Bazpur,IN,79.12,29.15,15.79,64,1.36,24
Andenes,NO,Norway,3163146,Andenes,NO,16.12,69.31,3.0,100,14.9,75
Mago,RU,Russian federation,2123621,Mago,RU,140.15,53.27,-9.67,65,4.01,64
Rikitea,PF,French polynesia,4030556,Rikitea,PF,-134.97,-23.12,27.19,95,4.66,24
Tamandare,BR,Brazil,3661980,Tamandare,BR,-70.75,-8.28,23.39,97,1.56,48
Pascagoula,US,United states of america,4440397,Pascagoula,US,-88.56,30.37,6.06,52,2.1,1
Barranca,PE,Peru,3946820,Barranca,PE,-77.76,-10.75,21.66,100,3.66,20
Peabiru,BR,Brazil,3454632,Peabiru,BR,-52.35,-23.91,19.79,94,1.56,32
Talnakh,RU,Russian federation,1490256,Talnakh,RU,88.39,69.49,-34.24,47,1.86,24
Havelock,US,United states of america,4470244,Havelock,US,-76.9,34.88,3.73,50,5.1,1
Berlevag,NO,Norway,780687,Berlevag,NO,29.09,70.86,-6.08,73,15.9,76
Marienburg,SR,Suriname,3383570,Marienburg,SR,-55.04,5.88,23.0,94,0.5,20
Talcahuano,CL,Chile,3870282,Talcahuano,CL,-73.12,-36.72,11.0,57,5.1,0
Agua verde,MX,Mexico,4019219,Agua Verde,MX,-105.97,22.89,19.0,93,0.96,5
Batemans bay,AU,Australia,2176639,Batemans Bay,AU,150.18,-35.71,20.11,89,2.01,92
Skibbereen,IE,Ireland,2961459,Skibbereen,IE,-9.27,51.55,9.0,100,3.1,75
Luena,AO,Angola,3347719,Luena,AO,19.91,-11.78,20.0,88,2.6,0
San benito,US,United states of america,4726290,San Benito,US,-97.63,26.13,16.92,83,3.1,75
Buala,SB,Solomon islands,2109528,Buala,SB,159.59,-8.15,29.29,83,4.46,8
Georgetown,US,United states of america,4579662,Georgetown,US,-79.29,33.38,3.52,69,4.91,1
Nilanga,IN,India,1261396,Nilanga,IN,76.75,18.12,26.76,34,3.41,0
Bulgan,MN,Mongolia,2032201,Bulgan,MN,103.53,48.81,-6.27,26,1.76,0
Mstera,RU,Russian federation,524651,Mstera,RU,41.92,56.38,-10.49,83,2.96,80
Sterling,US,United states of america,4787534,Sterling,US,-77.4,39.0,-0.75,57,8.7,75
Atherton,AU,Australia,2177541,Atherton,AU,145.48,-17.27,27.0,78,5.1,80
Kadoma,ZW,Zimbabwe,889453,Kadoma,ZW,29.91,-18.34,22.41,100,2.01,0
Rafaela,AR,Argentina,3839479,Rafaela,AR,-61.49,-31.25,19.64,99,6.76,80
Rio brilhante,BR,Brazil,3451241,Rio Brilhante,BR,-54.54,-21.8,23.74,86,1.31,24
Namatanai,PG,Papua new guinea,2090021,Namatanai,PG,152.44,-3.66,29.59,96,5.16,24
Bardiyah,LY,Libya,80509,Bardiyah,LY,25.09,31.76,12.01,100,8.26,0
Manaskent,RU,Russian federation,529608,Manaskent,RU,47.69,42.74,0.0,66,10.0,8
Acajutla,SV,El salvador,3587498,Acajutla,SV,-89.83,13.59,26.79,50,3.31,8
Male,MV,Maldives,1282027,Male,MV,73.51,4.17,31.0,62,7.2,40
Gejiu,CN,China,1810240,Gejiu,CN,103.16,23.36,16.64,80,1.21,0
Carnarvon,AU,Australia,2074865,Carnarvon,AU,113.63,-24.87,28.0,61,9.8,0
Crotone,IT,Italy,2524881,Crotone,IT,17.12,39.09,-2.0,100,5.1,90
Nevers,FR,France,2990474,Nevers,FR,3.16,46.99,0.55,90,3.6,90
Lorengau,PG,Papua new guinea,2092164,Lorengau,PG,147.27,-2.02,29.99,92,4.66,36
Grindavik,IS,Iceland,3416888,Grindavik,IS,-22.43,63.84,3.52,100,7.2,75
Taltal,CL,Chile,3870243,Taltal,CL,-70.49,-25.41,10.09,100,0.46,12
Havre-saint-pierre,CA,Canada,5972291,Havre-Saint-Pierre,CA,-63.6,50.23,-7.0,92,9.3,90
Novo aripuana,BR,Brazil,3663142,Novo Aripuana,BR,-60.38,-5.12,24.09,96,0.91,76
Beira,MZ,Mozambique,1052373,Beira,MZ,34.84,-19.84,30.0,79,2.26,75
Cabo san lucas,MX,Mexico,3985710,Cabo San Lucas,MX,-109.91,22.89,18.0,77,1.76,5
Wenceslau braz,BR,Brazil,3445348,Wenceslau Braz,BR,-49.8,-23.87,19.04,97,1.61,36
Ajdabiya,LY,Libya,89113,Ajdabiya,LY,20.22,30.75,4.69,79,4.76,0
Flinders,AU,Australia,6255012,Flinders,AU,150.85,-34.58,19.0,100,2.6,75
Carballo,ES,Spain,3126369,Carballo,ES,-8.69,43.21,6.44,81,2.1,75
Abha,SA,Saudi arabia,110690,Abha,SA,42.5,18.22,14.53,44,1.06,0
Reyes,BO,Bolivia (plurinational state of),3906478,Reyes,BO,-67.34,-14.3,21.76,99,0.71,92
Mattru,SL,Sierra leone,2409215,Mattru,SL,-11.83,7.62,20.79,92,0.96,0
Sechura,PE,Peru,3691954,Sechura,PE,-80.82,-5.56,22.74,93,2.66,92
Dindori,IN,India,1272540,Dindori,IN,81.08,22.94,19.51,53,1.96,0
Kurayoshi,JP,Japan,1858301,Kurayoshi,JP,133.83,35.43,5.53,80,3.6,75
Mahebourg,MU,Mauritius,934322,Mahebourg,MU,57.7,-20.41,30.0,74,6.2,40
Leh,IN,India,1264976,Leh,IN,77.58,34.16,-29.07,70,0.61,24
Maumere,ID,Indonesia,1635815,Maumere,ID,122.22,-8.63,29.36,95,3.31,32
Boo,SE,Sweden,2721259,Boo,SE,18.28,59.33,-4.53,92,1.5,20
Praia,CV,Cabo verde,3374333,Praia,CV,-23.51,14.92,21.0,73,6.2,0
Dundalk,IE,Ireland,2964540,Dundalk,IE,-6.42,54.0,7.0,100,3.1,75
Zeya,RU,Russian federation,2012593,Zeya,RU,127.27,53.74,-16.99,57,1.61,0
Conceicao do araguaia,BR,Brazil,3401845,Conceicao do Araguaia,BR,-49.26,-8.26,22.44,96,4.11,24
Kayerkan,RU,Russian federation,1497337,Kayerkan,RU,87.76,69.35,-33.64,45,3.16,32
Bata,GQ,Equatorial guinea,2310046,Bata,GQ,9.77,1.87,25.04,100,2.91,36
Ponta do sol,CV,Cabo verde,3374346,Ponta do Sol,CV,-25.09,17.2,21.0,68,9.8,0
Ulaanbaatar,MN,Mongolia,2028462,Ulaanbaatar,MN,106.92,47.92,-11.0,43,1.0,0
Palmer,US,United states of america,5871146,Palmer,US,-149.11,61.6,-11.57,87,1.21,90
Kisanga,TZ,"Tanzania, united republic of",149929,Kisanga,TZ,32.88,-5.57,20.0,100,1.81,75
Ormara,PK,Pakistan,1168700,Ormara,PK,64.64,25.21,21.74,96,2.96,56
Takahashi,JP,Japan,1851137,Takahashi,JP,133.52,34.82,5.45,54,3.1,75
Luocheng,CN,China,7690142,Luocheng,CN,114.55,28.29,5.74,100,1.96,100
Celestun,MX,Mexico,3531368,Celestun,MX,-90.4,20.87,22.86,100,6.46,0
Guane,CU,Cuba,3557758,Guane,CU,-84.09,22.2,19.91,99,2.66,24
Faanui,PF,French polynesia,4034551,Faanui,PF,-151.75,-16.48,27.24,100,6.26,92
Necochea,AR,Argentina,3430443,Necochea,AR,-58.74,-38.55,13.99,96,2.21,68
Shar,KZ,Kazakhstan,1519275,Shar,KZ,81.05,49.59,-8.82,96,2.01,48
Tazmalt,DZ,Algeria,2477537,Tazmalt,DZ,4.4,36.39,9.0,100,2.6,75
Pyu,MM,Myanmar,1298911,Pyu,MM,96.43,18.48,25.89,81,0.91,24
Hofn,IS,Iceland,2630299,Hofn,IS,-15.21,64.25,6.64,87,11.46,0
Ostrovnoy,RU,Russian federation,556268,Ostrovnoy,RU,39.51,68.05,-23.99,54,4.31,0
Nan,TH,Thailand,1608452,Nan,TH,100.78,18.78,29.0,51,1.0,20
Hope,US,United states of america,4115181,Hope,US,-93.59,33.67,1.98,54,2.6,1
Jamestown,SH,"Saint helena, ascension and tristan da cunha",3370903,Jamestown,SH,-5.72,-15.94,22.09,100,6.06,88
Marinette,US,United states of america,5261852,Marinette,US,-87.63,45.1,-8.19,70,4.6,75
Busselton,AU,Australia,2075265,Busselton,AU,115.35,-33.64,21.04,94,9.26,0
Pedernales,EC,Ecuador,3653307,Pedernales,EC,-80.05,0.07,20.89,97,1.76,32
Omboue,GA,Gabon,2396853,Omboue,GA,9.26,-1.57,26.49,100,1.76,68
Vitim,RU,Russian federation,2013375,Vitim,RU,112.57,59.44,-6.57,79,3.61,80
Masuda,JP,Japan,1857594,Masuda,JP,131.85,34.68,7.76,81,2.6,75
Jasper,US,United states of america,4069659,Jasper,US,-87.28,33.83,0.93,80,3.01,8
Los llanos de aridane,ES,Spain,2514651,Los Llanos de Aridane,ES,-17.92,28.66,16.0,63,3.6,0
Nizhniy kislyay,RU,Russian federation,520599,Nizhniy Kislyay,RU,40.17,50.86,-9.32,92,3.11,68
Henties bay,NA,,3356832,Henties Bay,NA,14.28,-22.12,15.36,100,1.16,92
Erdaojiang,CN,China,2037494,Erdaojiang,CN,126.03,41.78,-2.34,45,2.41,0
Mwene-ditu,CD,Congo (democratic republic of the),207570,Mwene-Ditu,CD,23.45,-7.01,20.44,100,1.81,64
Kaduy,RU,Russian federation,554535,Kaduy,RU,37.15,59.2,-11.0,85,2.0,75
Walla walla,US,United states of america,5814916,Walla Walla,US,-118.33,46.06,2.83,89,2.6,90
Kunzelsau,DE,Germany,2882439,Kunzelsau,DE,9.69,49.28,-0.63,100,2.6,90
Sinjai,ID,Indonesia,1626895,Sinjai,ID,120.25,-5.12,26.59,94,1.41,64
Zaozhuang,CN,China,1785453,Zaozhuang,CN,117.55,34.86,4.64,72,1.86,64
Belyy yar,RU,Russian federation,1510377,Belyy Yar,RU,91.39,53.6,-2.0,63,6.0,0
Upernavik,GL,Greenland,3418910,Upernavik,GL,-56.15,72.79,-17.82,99,9.31,64
Zhigansk,RU,Russian federation,2012530,Zhigansk,RU,123.37,66.77,-42.24,0,1.51,20
Urengoy,RU,Russian federation,1488414,Urengoy,RU,78.37,65.96,-27.47,76,5.21,56
Maltahohe,NA,,3355624,Maltahohe,NA,16.98,-24.83,12.51,76,2.01,0
Khasan,RU,Russian federation,2039557,Khasan,RU,130.64,42.43,1.59,62,5.71,0
San pedro,AR,Argentina,3428576,San Pedro,AR,-59.66,-33.68,19.44,100,5.86,92
Hornepayne,CA,Canada,5977046,Hornepayne,CA,-84.78,49.22,-14.57,56,4.26,56
Kiama,AU,Australia,2161515,Kiama,AU,150.86,-34.67,19.0,100,2.6,75
Chapais,CA,Canada,5919850,Chapais,CA,-74.86,49.78,-6.0,85,7.2,90
Ratholo,BW,Botswana,933137,Ratholo,BW,27.57,-22.72,26.44,62,4.71,24
Fort smith,US,United states of america,4111410,Fort Smith,US,-94.42,35.39,-1.4,66,1.21,1
Manavgat,TR,Turkey,304854,Manavgat,TR,31.44,36.79,5.0,86,3.1,75
Port blair,IN,India,1259385,Port Blair,IN,92.75,11.67,27.74,100,3.41,12
Coruripe,BR,Brazil,3465329,Coruripe,BR,-36.18,-10.12,25.61,100,4.11,64
Boone,US,United states of america,4456703,Boone,US,-81.67,36.22,-1.84,63,13.4,1
Consett,GB,United kingdom of great britain and northern ireland,2652437,Consett,GB,-1.83,54.85,3.17,93,5.1,20
Tigil,RU,Russian federation,2120612,Tigil,RU,158.67,57.8,-11.84,77,2.11,68
Tadine,NC,New caledonia,2138285,Tadine,NC,167.88,-21.55,25.74,96,7.86,76
Taksimo,RU,Russian federation,2015701,Taksimo,RU,114.84,56.36,-21.17,76,0.71,20
Westport,NZ,New zealand,2206900,Westport,NZ,171.6,-41.75,17.69,94,0.96,68
Talisayan,PH,Philippines,1715431,Talisayan,PH,120.97,14.31,30.0,58,6.2,40
Biak,ID,Indonesia,1637001,Biak,ID,122.88,-0.91,31.09,72,1.06,0
Anadyr,RU,Russian federation,2127202,Anadyr,RU,177.51,64.73,-9.0,85,18.0,90
Pangnirtung,CA,Canada,6096551,Pangnirtung,CA,-65.72,66.15,-34.99,52,2.46,0
Phalodi,IN,India,1259813,Phalodi,IN,72.36,27.13,17.04,73,2.06,0
Padang,ID,Indonesia,1633419,Padang,ID,100.36,-0.92,30.0,79,3.6,20
Karwar,IN,India,1267635,Karwar,IN,74.13,14.8,29.54,36,1.61,0
Ahipara,NZ,New zealand,2194098,Ahipara,NZ,173.16,-35.17,21.99,83,2.21,88
Ereymentau,KZ,Kazakhstan,1524302,Ereymentau,KZ,73.1,51.62,-15.07,92,2.31,56
Kapuskasing,CA,Canada,5989403,Kapuskasing,CA,-82.43,49.42,-19.0,70,8.2,90
Beni mazar,EG,Egypt,359212,Beni Mazar,EG,30.8,28.5,1.44,75,1.21,0
Luganville,VU,Vanuatu,2136150,Luganville,VU,167.18,-15.51,26.24,100,2.96,80
Alfenas,BR,Brazil,3472603,Alfenas,BR,-45.95,-21.43,18.99,75,2.56,48
Sumenep,ID,Indonesia,1626099,Sumenep,ID,113.87,-7.02,29.39,100,1.61,20
Bom jesus da lapa,BR,Brazil,3469437,Bom Jesus da Lapa,BR,-43.41,-13.25,21.19,71,4.26,64
Sarakhs,IR,Iran (islamic republic of),1159716,Sarakhs,IR,61.16,36.54,10.0,81,10.3,20
Santo antonio do ica,BR,Brazil,3662395,Santo Antonio do Ica,BR,-67.94,-3.1,22.64,99,1.16,100
Adrar,DZ,Algeria,2508813,Adrar,DZ,-0.29,27.87,2.0,43,2.6,0
Chimbarongo,CL,Chile,3895061,Chimbarongo,CL,-71.04,-34.71,12.0,71,2.1,0
Kindu,CD,Congo (democratic republic of the),212902,Kindu,CD,25.92,-2.95,23.14,92,1.21,56
Bandarbeyla,SO,Somalia,64814,Bandarbeyla,SO,50.81,9.49,23.91,100,7.26,92
Surt,LY,Libya,2210554,Surt,LY,16.59,31.21,7.69,100,7.01,0
Paamiut,GL,Greenland,3421193,Paamiut,GL,-49.67,61.99,-2.62,100,9.76,24
Saint-philippe,RE,Réunion,935215,Saint-Philippe,RE,55.77,-21.36,30.47,58,4.6,20
Cabedelo,BR,Brazil,3404558,Cabedelo,BR,-34.84,-6.97,24.0,88,1.5,20
Sakata,JP,Japan,1853140,Sakata,JP,139.93,38.92,4.88,70,5.7,75
La roda,ES,Spain,2515555,La Roda,ES,-2.16,39.21,-1.0,86,3.1,0
Halifax,CA,Canada,6324729,Halifax,CA,-63.58,44.65,1.0,90,7.2,90
Juegang,CN,China,1804979,Juegang,CN,121.18,32.31,7.01,94,4.01,92
Mount isa,AU,Australia,2065594,Mount Isa,AU,139.49,-20.73,40.0,17,5.7,88
Salaga,GH,Ghana,2295684,Salaga,GH,-0.52,8.55,21.14,83,1.31,0
Brattleboro,US,United states of america,5234141,Brattleboro,US,-72.56,42.85,-0.96,72,3.1,90
Vardo,NO,Norway,777019,Vardo,NO,31.11,70.37,-7.05,92,19.0,75
Mahajanga,MG,Madagascar,1062663,Mahajanga,MG,46.32,-15.72,27.0,83,2.1,40
Kahului,US,United states of america,5847411,Kahului,US,-156.47,20.89,20.44,93,2.1,75
Viedma,AR,Argentina,3832899,Viedma,AR,-62.99,-40.81,9.24,66,3.41,0
Yenagoa,NG,Nigeria,2318123,Yenagoa,NG,6.26,4.92,22.76,92,2.26,0
Santa maria,BR,Brazil,3450083,Santa Maria,BR,-53.81,-29.69,22.99,87,4.06,76
Sinnamary,GF,French guiana,3380290,Sinnamary,GF,-52.96,5.38,25.64,97,5.91,92
Ancud,CL,Chile,3899695,Ancud,CL,-73.83,-41.87,3.0,100,1.5,0
Bay roberts,CA,Canada,5895424,Bay Roberts,CA,-53.28,47.58,-4.0,92,7.2,90
Saint andrews,CA,Canada,6137411,Saint Andrews,CA,-67.06,45.08,0.34,100,6.01,88
Dongsheng,CN,China,1788268,Dongsheng,CN,112.52,29.72,2.91,100,4.01,92
San buenaventura,MX,Mexico,3987500,San Buenaventura,MX,-101.55,27.06,8.79,88,1.06,76
Guangyuan,CN,China,1806466,Guangyuan,CN,105.86,32.43,5.86,61,2.01,12
Coos bay,US,United states of america,5720495,Coos Bay,US,-124.22,43.37,11.7,85,5.7,75
Vogar,IS,Iceland,3415496,Vogar,IS,-22.39,63.98,3.52,100,7.2,75
Rafraf,TN,Tunisia,2467813,Rafraf,TN,10.18,37.19,9.15,75,7.2,40
Ojinaga,MX,Mexico,3994469,Ojinaga,MX,-104.42,29.57,9.7,75,3.1,40
Klaksvik,FO,Faroe islands,2618795,Klaksvik,FO,-6.59,62.23,9.0,87,10.8,88
Lichinga,MZ,Mozambique,1043893,Lichinga,MZ,35.25,-13.3,23.0,83,2.1,75
San policarpo,PH,Philippines,1688696,San Policarpo,PH,125.51,12.18,26.54,91,9.61,92
Kibuye,RW,Rwanda,202065,Kibuye,RW,29.35,-2.07,18.29,83,0.96,12
La uvita,CO,Colombia,3676884,La Uvita,CO,-72.56,6.32,8.94,94,0.16,36
Tsovak,AM,Armenia,616138,Tsovak,AM,45.63,40.19,-10.17,100,2.31,0
Sahuaripa,MX,Mexico,3988265,Sahuaripa,MX,-109.23,29.05,13.44,79,1.06,76
Tyachiv,UA,Ukraine,690906,Tyachiv,UA,23.57,48.01,-5.79,92,1.5,76
Naliya,IN,India,1262062,Naliya,IN,68.83,23.26,24.39,28,2.06,0
Vermilion,US,United states of america,5175072,Vermilion,US,-82.36,41.42,-4.47,59,9.3,90
Mackenzie,CA,Canada,6063191,Mackenzie,CA,-123.09,55.34,-10.0,78,4.1,90
Valdivia,CL,Chile,3868707,Valdivia,CL,-73.25,-39.81,2.0,100,1.0,90
Mossendjo,CG,Congo,2256895,Mossendjo,CG,12.72,-2.95,22.04,98,1.21,88
Oregon,US,United states of america,4904898,Oregon,US,-89.33,42.01,-9.26,79,2.1,1
Tabou,CI,Côte d'ivoire,2281120,Tabou,CI,-7.36,4.42,28.26,99,4.71,68
Kang,BW,Botswana,933692,Kang,BW,22.79,-23.67,22.51,68,4.51,0
Tasiilaq,GL,Greenland,3424607,Tasiilaq,GL,-37.64,65.61,-9.0,47,10.8,20
Kangaba,ML,Mali,2455735,Kangaba,ML,-8.41,11.94,14.49,72,1.36,0
Meulaboh,ID,Indonesia,1214488,Meulaboh,ID,96.13,4.14,27.69,100,2.11,64
Jinhua,CN,China,1805528,Jinhua,CN,119.65,29.11,7.79,100,1.56,92
Nanortalik,GL,Greenland,3421765,Nanortalik,GL,-45.24,60.14,-0.24,94,12.56,92
Kuala terengganu,MY,Malaysia,1734705,Kuala Terengganu,MY,103.14,5.33,31.0,74,4.1,75
Sapele,NG,Nigeria,2323675,Sapele,NG,5.68,5.89,22.84,93,1.61,0
Souillac,MU,Mauritius,933995,Souillac,MU,57.52,-20.52,30.0,74,6.2,40
New norfolk,AU,Australia,2155415,New Norfolk,AU,147.06,-42.78,21.0,32,4.6,0
Roma,AU,Australia,2151187,Roma,AU,148.79,-26.57,29.11,52,4.26,88
Gualeguay,AR,Argentina,3433663,Gualeguay,AR,-59.31,-33.15,19.64,99,4.01,92
Ballina,AU,Australia,2177069,Ballina,AU,153.57,-28.87,28.72,65,7.2,0
Martapura,ID,Indonesia,1636022,Martapura,ID,114.85,-3.41,33.0,63,1.5,40
Rapid city,US,United states of america,5768233,Rapid City,US,-103.23,44.08,-2.3,94,3.6,1
Kodiak,US,United states of america,4407665,Kodiak,US,-94.76,39.95,-5.15,87,1.36,1
At-bashi,KG,Kyrgyzstan,1528796,At-Bashi,KG,75.81,41.17,-9.39,61,1.51,44
Verkh-usugli,RU,Russian federation,2013459,Verkh-Usugli,RU,115.17,52.7,-11.89,66,1.11,0
Mugur-aksy,RU,Russian federation,1498283,Mugur-Aksy,RU,90.44,50.38,-13.99,65,0.96,12
Rio gallegos,AR,Argentina,3838859,Rio Gallegos,AR,-69.22,-51.62,7.0,70,5.7,20
Presidencia roque saenz pena,AR,Argentina,3840300,Presidencia Roque Saenz Pena,AR,-60.44,-26.79,20.0,94,6.7,90
Haicheng,CN,China,2037086,Haicheng,CN,122.74,40.85,2.59,29,3.01,0
Bada,RU,Russian federation,2027275,Bada,RU,109.87,51.39,-6.92,44,1.11,12
Tonekabon,IR,Iran (islamic republic of),112656,Tonekabon,IR,50.88,36.82,9.38,71,3.1,75
Rivera,CO,Colombia,3670692,Rivera,CO,-75.26,2.78,15.61,94,0.76,36
Zimmi,SL,Sierra leone,2402689,Zimmi,SL,-11.31,7.31,22.14,95,1.11,0
Eganville,CA,Canada,5947035,Eganville,CA,-77.1,45.54,-7.0,73,7.2,90
Jiangyou,CN,China,1885823,Jiangyou,CN,104.73,31.78,7.51,73,1.86,64
Manta,EC,Ecuador,3654410,Manta,EC,-80.73,-0.95,25.0,88,2.6,75
Buchanan,LR,Liberia,2278158,Buchanan,LR,-10.05,5.88,22.0,94,3.11,20
Neenah,US,United states of america,5264223,Neenah,US,-88.46,44.19,-8.4,66,5.7,90
Santa fe,CU,Cuba,3553478,Santa Fe,CU,-82.26,23.13,20.0,88,3.6,75
Noyabrsk,RU,Russian federation,1496503,Noyabrsk,RU,75.45,63.2,-25.49,63,5.56,24
Voi,KE,Kenya,178522,Voi,KE,38.57,-3.4,24.66,67,1.86,36
Hami,CN,China,1529484,Hami,CN,93.51,42.84,-5.59,68,1.06,64
Linqiong,CN,China,1803365,Linqiong,CN,103.46,30.42,7.0,75,3.0,40
Salalah,OM,Oman,286621,Salalah,OM,54.1,17.01,25.0,61,2.1,0
Southampton,CA,Canada,5883906,Southampton,CA,-81.38,44.49,-8.0,78,4.1,90
Ust-kut,RU,Russian federation,2013923,Ust-Kut,RU,105.75,56.78,-4.22,68,4.11,64
Gizo,SB,Solomon islands,2108857,Gizo,SB,156.84,-8.1,29.14,100,5.21,36
Tobol,KZ,Kazakhstan,1518139,Tobol,KZ,62.58,52.68,-17.37,72,1.36,48
La palma,PA,Panama,3707058,La Palma,PA,-78.14,8.4,22.09,100,1.96,8
Wufeng,CN,China,1784592,Wufeng,CN,104.87,27.44,3.69,97,2.21,64
Nouakchott,MR,Mauritania,2377450,Nouakchott,MR,-15.98,18.08,12.0,30,5.1,0
Constitucion,MX,Mexico,4011743,Constitucion,MX,-104.67,23.99,5.59,69,1.86,0
Baikunthpur,IN,India,1277769,Baikunthpur,IN,82.56,23.26,18.69,63,1.56,0
Borba,BR,Brazil,3405051,Borba,BR,-59.59,-4.39,22.69,100,1.11,92
Tanout,NE,Niger,2439155,Tanout,NE,8.88,14.97,8.49,76,3.66,0
East london,ZA,South africa,1006984,East London,ZA,27.91,-33.02,25.0,69,8.7,75
Mitsamiouli,KM,Comoros,921786,Mitsamiouli,KM,43.28,-11.38,30.0,74,3.1,40
Taikang,CN,China,2034600,Taikang,CN,124.44,46.86,-5.27,43,4.91,0
Te anau,NZ,New zealand,2181625,Te Anau,NZ,167.72,-45.41,13.01,69,6.11,48
Tarana,IN,India,1254909,Tarana,IN,76.04,23.33,20.24,61,2.91,0
San patricio,MX,Mexico,3985168,San Patricio,MX,-104.7,19.22,21.11,100,0.96,12
Yaroslavskiy,RU,Russian federation,2013089,Yaroslavskiy,RU,132.23,44.19,-1.52,47,4.76,64
Nortelandia,BR,Brazil,3456248,Nortelandia,BR,-56.8,-14.45,22.14,88,1.16,24
Glinishchevo,RU,Russian federation,561240,Glinishchevo,RU,34.07,53.3,-6.0,85,3.0,90
Boulsa,BF,Burkina faso,2361946,Boulsa,BF,-0.57,12.66,13.41,43,3.21,0
Mujiayingzi,CN,China,2035707,Mujiayingzi,CN,118.78,42.12,3.09,24,1.76,0
Nizhneangarsk,RU,Russian federation,2019199,Nizhneangarsk,RU,109.57,55.78,-12.97,85,0.91,56
Kaitangata,NZ,New zealand,2208248,Kaitangata,NZ,169.85,-46.28,19.44,52,9.61,12
Saskylakh,RU,Russian federation,2017155,Saskylakh,RU,114.09,71.97,-42.77,0,2.66,8
Kholodnyy,RU,Russian federation,2124611,Kholodnyy,RU,147.95,62.72,-32.49,36,0.96,36
Yumen,CN,China,1528998,Yumen,CN,97.04,40.29,-6.57,84,1.36,0
Shimoda,JP,Japan,1852357,Shimoda,JP,138.93,34.7,8.32,50,8.2,75
Katsuura,JP,Japan,1865309,Katsuura,JP,134.5,33.93,7.47,61,3.6,75
Saint-augustin,CA,Canada,6138501,Saint-Augustin,CA,-73.98,45.63,-3.0,92,6.2,90
Lenger,KZ,Kazakhstan,1521379,Lenger,KZ,69.89,42.18,9.0,49,2.0,8
Coihaique,CL,Chile,3894426,Coihaique,CL,-72.07,-45.58,6.45,81,1.0,0
Menongue,AO,Angola,3347353,Menongue,AO,17.68,-14.66,19.36,54,2.71,56
Turukhansk,RU,Russian federation,1488903,Turukhansk,RU,87.96,65.8,-27.17,73,3.41,56
Wanlaweyn,SO,Somalia,50672,Wanlaweyn,SO,44.89,2.62,28.34,62,5.46,0
Maceio,BR,Brazil,3395981,Maceio,BR,-35.74,-9.67,23.0,88,0.5,0
Piet retief,ZA,South africa,965241,Piet Retief,ZA,30.81,-27.01,20.59,83,1.56,24
Natal,BR,Brazil,3394023,Natal,BR,-35.21,-5.81,23.99,78,4.1,40
Umm kaddadah,SD,Sudan,364933,Umm Kaddadah,SD,26.69,13.6,11.66,40,5.26,0
Marawi,SD,Sudan,370481,Marawi,SD,31.82,18.48,13.04,64,4.91,0
Kodarma,IN,India,1266414,Kodarma,IN,85.59,24.47,20.29,55,2.46,0
Hay river,CA,Canada,5972762,Hay River,CA,-115.79,60.82,-28.0,75,4.1,75
Mazamari,PE,Peru,3935102,Mazamari,PE,-74.53,-11.33,18.44,100,0.51,68
Mar del plata,AR,Argentina,3863379,Mar del Plata,AR,-67.52,-46.43,10.16,76,2.91,20
Datong,CN,China,2037799,Datong,CN,113.3,40.09,-2.64,54,1.96,0
Kaeo,NZ,New zealand,2189343,Kaeo,NZ,173.78,-35.1,22.14,85,1.21,92
Groningen,SR,Suriname,3384125,Groningen,SR,-55.48,5.79,23.0,94,0.5,20
Chernigovka,RU,Russian federation,2025489,Chernigovka,RU,132.57,44.34,-2.64,64,4.31,64
Atuona,PF,French polynesia,4020109,Atuona,PF,-139.03,-9.8,27.51,100,8.06,76
Nayoro,JP,Japan,2128983,Nayoro,JP,142.46,44.36,-2.89,76,4.81,80
Mountain home,US,United states of america,5601615,Mountain Home,US,-115.69,43.13,5.14,100,6.2,1
Nacala,MZ,Mozambique,1035025,Nacala,MZ,40.69,-14.56,28.0,78,5.7,75
Hagenow,DE,Germany,2912481,Hagenow,DE,11.19,53.43,0.0,91,1.0,75
Half moon bay,US,United states of america,5354943,Half Moon Bay,US,-122.43,37.46,10.71,100,3.1,90
Mezen,RU,Russian federation,527321,Mezen,RU,44.24,65.85,-13.62,84,1.76,76
Saldanha,ZA,South africa,3361934,Saldanha,ZA,17.94,-33.01,21.0,89,2.6,40
Sao filipe,CV,Cabo verde,3374210,Sao Filipe,CV,-24.5,14.9,22.34,98,6.56,8
Daru,PG,Papua new guinea,2098329,Daru,PG,143.21,-9.07,29.44,90,2.91,68
Ippy,CF,Central african republic,238566,Ippy,CF,21.2,6.26,19.76,61,4.91,0
Pacific grove,US,United states of america,5380437,Pacific Grove,US,-121.92,36.62,10.89,79,2.6,1
Moose factory,CA,Canada,6078372,Moose Factory,CA,-80.61,51.26,-18.0,77,5.7,90
Alta,NO,Norway,847633,Alta,NO,23.27,69.97,-3.58,92,12.9,90
Sayyan,YE,Yemen,70979,Sayyan,YE,44.32,15.17,13.84,21,0.86,0
Palasa,IN,India,1260771,Palasa,IN,84.42,18.77,24.29,88,3.41,0
Dubbo,AU,Australia,2168305,Dubbo,AU,148.6,-32.25,29.0,51,12.3,75
Benguela,AO,Angola,3351663,Benguela,AO,13.4,-12.58,24.41,100,0.61,88
Dawei,MM,Myanmar,1293625,Dawei,MM,98.19,14.07,30.36,60,0.51,12
Outjo,NA,,3353715,Outjo,NA,16.16,-20.11,14.51,53,1.76,0
Tateyama,JP,Japan,1849876,Tateyama,JP,137.31,36.66,5.0,44,2.1,75
Batie,BF,Burkina faso,2362669,Batie,BF,-2.92,9.88,16.51,46,1.31,0
Lagoa,PT,Portugal,2267254,Lagoa,PT,-8.45,37.14,6.0,87,3.1,0
Grand-lahou,CI,Côte d'ivoire,2288105,Grand-Lahou,CI,-5.0,5.24,24.66,90,1.76,0
Masindi,UG,Uganda,229362,Masindi,UG,31.72,1.69,22.91,74,2.26,0
Bosaso,SO,Somalia,64013,Bosaso,SO,49.18,11.28,23.61,100,0.26,92
Huangmei,CN,China,1807339,Huangmei,CN,115.95,30.1,5.16,100,2.06,100
Chulman,RU,Russian federation,2025261,Chulman,RU,124.9,56.84,-19.22,66,1.16,8
Oksfjord,NO,Norway,778362,Oksfjord,NO,22.35,70.24,-1.39,100,10.8,90
Noumea,NC,New caledonia,2139521,Noumea,NC,166.46,-22.28,26.0,74,7.7,75
Rawson,AR,Argentina,3839307,Rawson,AR,-65.11,-43.3,8.59,79,3.31,0
Batagay,RU,Russian federation,2027044,Batagay,RU,134.64,67.65,-42.59,0,1.36,56
Pierre,US,United states of america,5767918,Pierre,US,-100.35,44.37,-7.2,84,6.2,1
Otake,JP,Japan,1853662,Otake,JP,132.22,34.2,7.44,63,1.5,90
Namibe,AO,Angola,3347019,Namibe,AO,12.15,-15.19,22.39,100,2.11,92
Apache junction,US,United states of america,5551535,Apache Junction,US,-111.55,33.41,12.99,76,2.6,40
Krupina,SK,Slovakia,3059244,Krupina,SK,19.07,48.35,-9.0,92,0.5,90
Popondetta,PG,Papua new guinea,2088163,Popondetta,PG,148.24,-8.77,24.24,88,0.91,64
Victoria,SC,Seychelles,241131,Victoria,SC,55.45,-4.62,26.0,83,2.1,75
Olinda,BR,Brazil,3456160,Olinda,BR,-43.41,-22.82,25.1,78,2.1,0
Aztec,US,United states of america,5456049,Aztec,US,-107.99,36.82,-2.32,85,3.1,1
Maldonado,UY,Uruguay,3441894,Maldonado,UY,-54.96,-34.91,19.0,82,5.1,90
Corner brook,CA,Canada,5927969,Corner Brook,CA,-57.95,48.95,-3.97,85,9.3,90
Cayenne,GF,French guiana,3382160,Cayenne,GF,-52.33,4.94,26.0,78,2.1,90
Tevaitoa,PF,French polynesia,4033375,Tevaitoa,PF,-151.5,-16.78,26.89,100,4.46,92
Udachnyy,RU,Russian federation,2014624,Udachnyy,RU,112.4,66.42,-33.84,44,1.11,8
Waterloo,US,United states of america,4880889,Waterloo,US,-92.34,42.5,-9.96,77,4.1,1
Kyaukse,MM,Myanmar,1316703,Kyaukse,MM,96.13,21.6,27.0,61,2.6,20
Lingao,CN,China,1803560,Lingao,CN,109.69,19.91,26.26,81,2.46,68
Novobirilyussy,RU,Russian federation,1508260,Novobirilyussy,RU,90.69,56.95,-10.57,76,4.36,76
Komsomolskiy,RU,Russian federation,1486910,Komsomolskiy,RU,63.78,67.55,-24.39,57,2.66,64
Wajima,JP,Japan,1848976,Wajima,JP,136.9,37.4,3.0,93,4.6,75
San jose del castillo,MX,Mexico,3986165,San Jose del Castillo,MX,-103.23,20.53,10.0,66,2.41,40
Tsiroanomandidy,MG,Madagascar,1054463,Tsiroanomandidy,MG,46.05,-18.77,22.59,100,1.96,80
Greenwood,US,United states of america,4580569,Greenwood,US,-82.16,34.2,1.1,77,2.11,1
Doha,QA,Qatar,290030,Doha,QA,51.53,25.29,21.79,49,7.7,0
Pundaguitan,PH,Philippines,1698289,Pundaguitan,PH,126.17,6.37,28.59,94,2.86,68
Ondjiva,AO,Angola,3346821,Ondjiva,AO,15.73,-17.07,22.0,40,3.1,20
Punta de bombon,PE,Peru,3931255,Punta de Bombon,PE,-71.79,-17.17,21.19,100,2.01,92
Alta floresta,BR,Brazil,6316343,Alta Floresta,BR,-56.08,-9.87,21.91,98,1.06,32
Beihai,CN,China,1801722,Beihai,CN,121.19,38.95,3.0,69,7.0,20
Drayton valley,CA,Canada,5942547,Drayton Valley,CA,-114.98,53.22,-16.42,79,1.66,80
Mount gambier,AU,Australia,2156643,Mount Gambier,AU,140.78,-37.83,21.0,49,7.2,68
Sungaipenuh,ID,Indonesia,1625929,Sungaipenuh,ID,101.38,-2.08,21.16,98,0.61,92
Troy,US,United states of america,5141502,Troy,US,-73.69,42.73,-1.68,71,4.1,90
Lingdong,CN,China,7690167,Lingdong,CN,114.24,28.06,5.49,100,1.41,100
Maragogi,BR,Brazil,3395458,Maragogi,BR,-35.22,-9.01,23.61,100,1.96,80
Beringovskiy,RU,Russian federation,2126710,Beringovskiy,RU,179.32,63.05,-3.39,89,10.96,88
Sao geraldo do araguaia,BR,Brazil,3388760,Sao Geraldo do Araguaia,BR,-48.55,-6.4,21.09,100,4.46,92
Kamenka,RU,Russian federation,553725,Kamenka,RU,44.05,53.19,-11.32,88,3.16,88
Mackay,AU,Australia,2159220,Mackay,AU,149.2,-21.15,25.0,94,9.8,92
Chumikan,RU,Russian federation,2025256,Chumikan,RU,135.31,54.72,-16.59,58,5.56,0
Port-cartier,CA,Canada,6111696,Port-Cartier,CA,-66.88,50.03,-5.0,92,4.6,90
Duku,NG,Nigeria,2344415,Duku,NG,4.91,11.24,15.66,40,2.46,0
Srednekolymsk,RU,Russian federation,2121025,Srednekolymsk,RU,153.71,67.46,-33.57,45,1.51,8
Port macquarie,AU,Australia,2152659,Port Macquarie,AU,152.91,-31.43,25.0,78,6.7,75
Edd,ER,Eritrea,338345,Edd,ER,41.69,13.93,22.11,82,0.91,0
Cockburn town,TC,Turks and caicos islands,3576994,Cockburn Town,TC,-71.14,21.46,25.04,100,2.41,0
Canutama,BR,Brazil,3664716,Canutama,BR,-64.38,-6.53,22.69,98,1.06,100
Vila velha,BR,Brazil,6320062,Vila Velha,BR,-38.6,-3.71,25.0,94,3.6,75
Kutum,SD,Sudan,371745,Kutum,SD,24.66,14.2,11.24,54,3.56,0
Saint-marc,HT,Haiti,3717588,Saint-Marc,HT,-72.7,19.1,19.86,100,1.21,24
Ruwi,OM,Oman,287286,Ruwi,OM,58.55,23.6,27.0,57,1.5,0
Bilozerka,UA,Ukraine,712508,Bilozerka,UA,32.45,46.63,2.0,93,4.0,75
Homer,US,United states of america,5864145,Homer,US,-151.54,59.64,-6.0,87,5.81,20
Honiara,SB,Solomon islands,2108502,Honiara,SB,159.96,-9.43,26.89,86,1.36,80
Luderitz,NA,,3355672,Luderitz,NA,15.16,-26.65,14.36,95,2.46,32
General pico,AR,Argentina,3855075,General Pico,AR,-63.75,-35.66,15.24,94,1.41,56
High rock,BS,Bahamas,3572189,High Rock,BS,-78.28,26.63,22.24,100,7.66,0
Vila franca do campo,PT,Portugal,3372472,Vila Franca do Campo,PT,-25.43,37.72,16.0,93,11.3,75
Springdale,CA,Canada,6154159,Springdale,CA,-56.06,49.5,-1.97,95,9.21,92
High level,CA,Canada,5975004,High Level,CA,-117.13,58.52,-22.07,60,1.21,88
Tomatlan,MX,Mexico,3981391,Tomatlan,MX,-105.25,19.93,21.24,97,0.96,20
Ladario,BR,Brazil,3459352,Ladario,BR,-57.6,-19.0,25.86,73,1.31,20
Bani,DO,Dominican republic,3512067,Bani,DO,-70.33,18.28,25.09,100,2.21,20
Ust-maya,RU,Russian federation,2013918,Ust-Maya,RU,134.54,60.42,-36.89,62,1.21,24
Cervo,ES,Spain,3125287,Cervo,ES,-7.41,43.67,10.29,100,7.66,80
Parabel,RU,Russian federation,1495586,Parabel,RU,81.5,58.71,-17.62,64,3.66,48
Avarua,CK,Cook islands,4035715,Avarua,CK,-159.78,-21.21,26.0,69,4.6,75
Tenenkou,ML,Mali,2449938,Tenenkou,ML,-4.91,14.46,13.84,61,3.61,12
Shache,CN,China,1280037,Shache,CN,77.24,38.42,-7.64,71,2.06,12
Narsaq,GL,Greenland,3421719,Narsaq,GL,-46.05,60.91,-10.17,65,0.46,88
Uyuni,BO,Bolivia (plurinational state of),3901903,Uyuni,BO,-66.82,-20.46,-1.64,48,1.11,0
Young,UY,Uruguay,3439525,Young,UY,-57.63,-32.7,20.16,100,3.76,92
Ponta do sol,PT,Portugal,2264557,Ponta do Sol,PT,-17.1,32.67,13.0,71,2.6,20
Santa catalina,CO,Colombia,3668861,Santa Catalina,CO,-75.29,10.6,25.0,88,1.5,75
Bar harbor,US,United states of america,4957320,Bar Harbor,US,-68.2,44.39,-1.36,88,4.6,90
Hithadhoo,MV,Maldives,1282256,Hithadhoo,MV,73.08,-0.6,26.91,100,4.76,80
Abu dhabi,AE,United arab emirates,292968,Abu Dhabi,AE,54.37,24.47,24.48,65,5.1,40
Huayang,CN,China,1784474,Huayang,CN,115.49,23.62,16.91,88,1.56,88
Norsup,VU,Vanuatu,2135517,Norsup,VU,167.38,-16.07,25.64,100,2.66,80
Bilma,NE,Niger,2446796,Bilma,NE,12.92,18.69,3.34,68,1.41,0
Borazjan,IR,Iran (islamic republic of),140097,Borazjan,IR,51.21,29.27,16.0,59,8.2,0
Iglesias,IT,Italy,2524533,Iglesias,IT,8.54,39.31,3.0,86,4.1,0
Barnstaple,GB,United kingdom of great britain and northern ireland,2656281,Barnstaple,GB,-4.06,51.08,-1.0,100,0.91,0
Sao felix do xingu,BR,Brazil,3388847,Sao Felix do Xingu,BR,-51.99,-6.64,21.54,100,0.91,64
Alofi,NU,Niue,4036284,Alofi,NU,-169.92,-19.06,26.0,88,3.6,92
Yerbogachen,RU,Russian federation,2012956,Yerbogachen,RU,108.01,61.28,-10.32,84,2.96,76
Owando,CG,Congo,2255542,Owando,CG,15.91,-0.49,22.61,93,1.31,24
Novocheremshansk,RU,Russian federation,518972,Novocheremshansk,RU,50.17,54.35,-13.64,85,2.06,48
Ha tinh,VN,Viet nam,1581047,Ha Tinh,VN,105.9,18.33,19.24,100,6.71,44
Gravdal,NO,Norway,3147822,Gravdal,NO,5.78,59.79,2.0,100,7.7,75
Pangai,TO,Tonga,4032369,Pangai,TO,-174.35,-19.8,26.0,94,3.81,75
Manokwari,ID,Indonesia,1636308,Manokwari,ID,134.08,-0.87,27.84,100,6.36,24
Ochtrup,DE,Germany,2858245,Ochtrup,DE,7.19,52.21,-0.39,92,1.5,40
Tiarei,PF,French polynesia,4033356,Tiarei,PF,-149.33,-17.53,26.0,74,2.6,40
Qaqortoq,GL,Greenland,3420846,Qaqortoq,GL,-46.03,60.72,-3.57,90,0.16,88
Aykhal,RU,Russian federation,2027296,Aykhal,RU,111.51,65.95,-31.99,36,1.21,32
Atambua,ID,Indonesia,1651103,Atambua,ID,124.89,-9.11,29.49,89,3.36,20
Mombetsu,JP,Japan,2129163,Mombetsu,JP,143.35,44.35,-1.0,80,6.7,75
Kimbe,PG,Papua new guinea,2093967,Kimbe,PG,150.15,-5.56,27.99,100,2.66,88
Moanda,GA,Gabon,2398269,Moanda,GA,13.22,-1.55,24.0,94,2.1,40
Deyang,CN,China,1812961,Deyang,CN,104.39,31.12,6.91,90,1.86,92
Yinchuan,CN,China,1786657,Yinchuan,CN,106.21,38.48,-2.84,55,1.86,0
Ariano irpino,IT,Italy,3182854,Ariano Irpino,IT,15.09,41.15,4.0,93,3.1,75
Hualmay,PE,Peru,3939761,Hualmay,PE,-77.61,-11.1,17.66,94,1.11,44
Ekuvukeni,ZA,South africa,1006420,Ekuvukeni,ZA,30.16,-28.47,23.19,62,1.66,12
Dunedin,NZ,New zealand,2191562,Dunedin,NZ,170.5,-45.87,17.44,76,1.41,0
Dryden,CA,Canada,5942913,Dryden,CA,-92.84,49.79,-24.0,83,2.6,90
Port alfred,ZA,South africa,964432,Port Alfred,ZA,26.89,-33.59,21.54,91,6.01,44
Ilulissat,GL,Greenland,3423146,Ilulissat,GL,-51.1,69.22,-17.0,64,2.1,0
Goure,NE,Niger,2444219,Goure,NE,10.27,13.98,12.14,46,4.36,0
Ayr,AU,Australia,2177413,Ayr,AU,147.4,-19.58,26.84,98,6.26,92
Kapaa,US,United states of america,5848280,Kapaa,US,-159.32,22.08,19.96,84,3.01,1
Pleasanton,US,United states of america,5383777,Pleasanton,US,-121.87,37.66,10.48,96,2.6,20
Soe,ID,Indonesia,1626703,Soe,ID,124.28,-9.86,24.69,91,1.06,68
Thinadhoo,MV,Maldives,1337610,Thinadhoo,MV,72.93,0.53,26.84,100,5.16,88
Timbiqui,CO,Colombia,3667070,Timbiqui,CO,-77.67,2.77,21.99,98,1.06,36
Muros,ES,Spain,3115824,Muros,ES,-9.06,42.77,4.47,75,2.6,0
Alugan,PH,Philippines,1731248,Alugan,PH,125.48,12.22,26.54,91,9.61,92
Shitanjing,CN,China,1794971,Shitanjing,CN,106.34,39.23,-3.89,57,0.91,8
Porto walter,BR,Brazil,3662761,Porto Walter,BR,-72.74,-8.27,25.14,86,1.41,24
Kodoli,IN,India,1266390,Kodoli,IN,74.2,16.88,25.16,58,3.66,0
Hammerfest,NO,Norway,779683,Hammerfest,NO,23.68,70.66,-0.29,86,11.8,90
Valparaiso,CL,Chile,3868626,Valparaiso,CL,-71.63,-33.04,11.0,87,1.31,0
Gimli,CA,Canada,5961417,Gimli,CA,-96.99,50.63,-16.14,84,1.66,88
Villanueva de la serena,ES,Spain,2509553,Villanueva de la Serena,ES,-5.8,38.97,-1.39,69,2.51,0
Jasper,CA,Canada,5985918,Jasper,CA,-118.08,52.88,-10.67,86,0.76,32
Xining,CN,China,1788852,Xining,CN,101.77,36.62,-3.92,36,0.61,20
Verkhnevilyuysk,RU,Russian federation,2013639,Verkhnevilyuysk,RU,120.31,63.45,-30.67,68,1.86,20
Chauk,MM,Myanmar,1327659,Chauk,MM,94.82,20.89,22.74,85,3.01,20
Geraldton,CA,Canada,5960603,Geraldton,CA,-86.95,49.72,-23.0,76,4.1,5
Kidal,ML,Mali,2455290,Kidal,ML,1.41,18.44,4.66,75,1.31,0
Dawson creek,CA,Canada,5935804,Dawson Creek,CA,-120.23,55.76,-17.0,77,1.5,90
Ust-tsilma,RU,Russian federation,477940,Ust-Tsilma,RU,52.15,65.44,-31.82,38,1.21,12
Gorele,TR,Turkey,746565,Gorele,TR,39.0,41.03,7.0,48,2.1,0
Larsnes,NO,Norway,3148133,Larsnes,NO,5.58,62.2,3.7,93,7.7,90
Lebu,CL,Chile,3883457,Lebu,CL,-73.65,-37.62,12.36,100,7.41,0
Balkanabat,TM,Turkmenistan,161616,Balkanabat,TM,54.36,39.51,5.91,95,2.11,80
Harper,LR,Liberia,2276492,Harper,LR,-7.71,4.38,28.51,98,4.36,56
Kununurra,AU,Australia,2068110,Kununurra,AU,128.74,-15.77,37.0,39,3.1,12
Batesville,US,United states of america,4100525,Batesville,US,-91.64,35.77,1.18,45,1.96,1
Flin flon,CA,Canada,5954718,Flin Flon,CA,-101.88,54.77,-16.89,79,3.36,80
Hilo,US,United states of america,5855927,Hilo,US,-155.08,19.71,21.1,90,2.1,90
Norman wells,CA,Canada,6089245,Norman Wells,CA,-126.83,65.28,-42.0,64,1.61,5
Maiduguri,NG,Nigeria,2331447,Maiduguri,NG,13.15,11.84,11.74,57,1.86,0
Bruckmuhl,DE,Germany,2943408,Bruckmuhl,DE,11.92,47.88,-1.5,92,4.1,90
Pinega,RU,Russian federation,509483,Pinega,RU,43.39,64.7,-10.14,81,1.86,56
Bukoba,TZ,"Tanzania, united republic of",160961,Bukoba,TZ,31.81,-1.33,23.0,78,1.76,75
Dalnegorsk,RU,Russian federation,2051471,Dalnegorsk,RU,135.58,44.56,-4.49,43,5.41,0
Xiuyan,CN,China,2033602,Xiuyan,CN,123.27,40.29,3.51,35,3.11,0
Makakilo city,US,United states of america,5850554,Makakilo City,US,-158.09,21.35,21.41,87,1.5,90
Nyurba,RU,Russian federation,2018735,Nyurba,RU,118.35,63.29,-21.42,72,2.66,48
Qaanaaq,GL,Greenland,3831208,Qaanaaq,GL,-69.36,77.48,-25.14,81,3.86,32
Tautira,PF,French polynesia,4033557,Tautira,PF,-149.15,-17.73,26.0,74,2.6,40
Khorixas,NA,,3356213,Khorixas,NA,14.96,-20.37,11.29,66,1.11,0
Kloulklubed,PW,Palau,7671223,Kloulklubed,PW,134.26,7.04,27.0,83,5.7,90
Gushikawa,JP,Japan,1863495,Gushikawa,JP,127.87,26.35,20.94,69,4.6,90
Marina,US,United states of america,5370493,Marina,US,-121.8,36.68,10.89,79,2.6,1
Belaya gora,RU,Russian federation,2126785,Belaya Gora,RU,146.19,68.54,-34.09,48,1.56,64
Melita,CA,Canada,6071900,Melita,CA,-100.98,49.27,-14.99,82,4.76,100
Mana,GF,French guiana,3381041,Mana,GF,-53.78,5.67,23.49,92,1.56,88
Sabzevar,IR,Iran (islamic republic of),118063,Sabzevar,IR,57.68,36.21,1.84,95,3.36,80
Portland,AU,Australia,2152668,Portland,AU,149.98,-33.35,20.11,88,1.41,68
Ahvaz,IR,Iran (islamic republic of),144448,Ahvaz,IR,48.68,31.32,13.0,47,4.1,0
Corinto,NI,Nicaragua,3620269,Corinto,NI,-87.17,12.48,25.14,63,3.46,8
Chaozhou,CN,China,1815395,Chaozhou,CN,116.62,23.66,24.0,57,3.0,75
Kunming,CN,China,1804651,Kunming,CN,102.71,25.04,14.0,47,11.0,40
Winnemucca,US,United states of america,5710360,Winnemucca,US,-117.74,40.97,1.1,85,0.51,20
Beyneu,KZ,Kazakhstan,610298,Beyneu,KZ,55.19,45.32,-6.67,98,5.66,88
Karasjok,NO,Norway,779350,Karasjok,NO,25.52,69.47,-4.0,79,22.6,40
Kostomuksha,RU,Russian federation,543899,Kostomuksha,RU,30.6,64.59,-9.37,86,1.21,76
Cabra,PH,Philippines,1721491,Cabra,PH,120.05,13.89,27.91,93,11.31,8
Ola,RU,Russian federation,2122574,Ola,RU,151.3,59.58,-12.59,100,5.11,68
Haines junction,CA,Canada,5969025,Haines Junction,CA,-137.51,60.75,-40.84,0,0.91,12
Awjilah,LY,Libya,88533,Awjilah,LY,21.3,29.14,5.64,77,5.26,0
Hasaki,JP,Japan,2112802,Hasaki,JP,140.83,35.73,4.47,44,2.1,75
Hinton,CA,Canada,5975503,Hinton,CA,-117.57,53.4,-15.52,83,0.91,44
Bedele,ET,Ethiopia,342567,Bedele,ET,36.35,8.46,16.09,76,1.81,0
Belmonte,BR,Brazil,3448454,Belmonte,BR,-53.58,-26.84,23.79,83,3.46,0
Naze,JP,Japan,1855540,Naze,JP,129.48,28.37,18.0,68,2.6,75
La sarre,CA,Canada,6050194,La Sarre,CA,-79.2,48.8,-11.14,79,7.91,80
Voh,NC,New caledonia,2137748,Voh,NC,164.69,-20.95,25.29,98,9.86,24
Lidkoping,SE,Sweden,2696329,Lidkoping,SE,13.16,58.51,-6.35,100,2.1,0
Lufilufi,WS,Samoa,4035249,Lufilufi,WS,-171.6,-13.87,26.89,100,3.16,92
Nantucket,US,United states of america,4944903,Nantucket,US,-70.1,41.28,0.57,60,4.6,1
Phan thiet,VN,Viet nam,1571058,Phan Thiet,VN,108.1,10.93,28.49,79,8.56,0
Lakewood,US,United states of america,5364855,Lakewood,US,-118.12,33.85,13.4,96,2.6,40
Ust-nera,RU,Russian federation,2120048,Ust-Nera,RU,143.24,64.57,-32.42,71,1.06,56
Aban,RU,Russian federation,1512218,Aban,RU,96.06,56.67,-6.14,86,5.61,36
Guiren,CN,China,1809483,Guiren,CN,118.19,33.67,6.01,87,2.01,76
Of,TR,Turkey,741240,Of,TR,40.27,40.94,7.0,48,2.1,0
Denpasar,ID,Indonesia,1645528,Denpasar,ID,115.22,-8.65,31.0,74,4.1,20
Nichinan,JP,Japan,1855476,Nichinan,JP,131.31,31.65,12.86,51,7.2,75
Venezuela,CU,Cuba,3534432,Venezuela,CU,-78.8,21.74,19.24,100,2.21,0
Mvomero,TZ,"Tanzania, united republic of",155334,Mvomero,TZ,37.45,-6.3,26.0,74,1.41,20
Warman,CA,Canada,6176226,Warman,CA,-106.58,52.32,-11.0,78,6.2,75
Nikolskoye,RU,Russian federation,546105,Nikolskoye,RU,30.79,59.7,-6.0,92,1.0,75
